<?xml version="1.0" encoding="UTF-8"?>
<kml xmlns="http://www.opengis.net/kml/2.2">
<Folder xmlns="http://www.opengis.net/kml/2.2" xmlns:atom="http://www.w3.org/2005/Atom" xmlns:gx="http://www.google.com/kml/ext/2.2">
  <name>ContourMapGenerator</name>
  <Style id="pushpin">
    <IconStyle id="mystyle">
      <scale>1.0</scale>
      <Icon>
        <href>http://maps.google.com/mapfiles/kml/shapes/info-i.png</href>
      </Icon>
    </IconStyle>
  </Style>
  <Folder>
    <name>contours_1.0m</name>
    <Folder>
      <name xmlns:py="http://codespeak.net/lxml/objectify/pytype" py:pytype="str">lines</name>
      <Placemark>
        <name xmlns:py="http://codespeak.net/lxml/objectify/pytype" py:pytype="str">277.0</name>
        <Style>
          <LineStyle>
            <color>ff0000ff</color>
          </LineStyle>
          <PolyStyle>
            <fill>0</fill>
          </PolyStyle>
        </Style>
        <ExtendedData>
          <SchemaData schemaUrl="#contour">
            <SimpleData name="ID">0</SimpleData>
          </SchemaData>
        </ExtendedData>
        <LineString>
          <coordinates>81.2863210276816,21.2635391843863 81.2863210276816,21.2635184529693 81.2863146025559,21.2635154590423 81.2862731670511,21.2634961514532 81.2862318527336,21.2634769901353 81.2862317315463,21.2634769338697 81.2861902960416,21.2634617593128 81.2861488605368,21.2634492820698 81.286113684309,21.2634355273013 81.286107425032,21.2634327782003 81.2860659895272,21.2634109564438 81.2860245540224,21.2634069822931 81.2859845366971,21.2634355273013 81.2859831185176,21.2634366514852 81.2859416830129,21.2634752647575 81.2859398315277,21.2634769901353 81.2859002475081,21.2635138823787 81.2858950472132,21.2635184529693 81.2858950472132,21.2635391843863</coordinates>
        </LineString>
        <Style>
          <LineStyle>
            <color>#ff9cff00</color>
            <width>2</width>
          </LineStyle>
        </Style>
      </Placemark>
      <Placemark>
        <name xmlns:py="http://codespeak.net/lxml/objectify/pytype" py:pytype="str">280.0</name>
        <Style>
          <LineStyle>
            <color>ff0000ff</color>
          </LineStyle>
          <PolyStyle>
            <fill>0</fill>
          </PolyStyle>
        </Style>
        <ExtendedData>
          <SchemaData schemaUrl="#contour">
            <SimpleData name="ID">1</SimpleData>
          </SchemaData>
        </ExtendedData>
        <LineString>
          <coordinates>81.2889184218932,21.2634977215523 81.2889184218932,21.2634769901353 81.2889250393572,21.2634750517329 81.2889664748619,21.2634644209087 81.2890079103667,21.2634529823364 81.2890493458715,21.2634377062392 81.2890543235871,21.2634355273013 81.2890907813763,21.2634172546429 81.2891322168811,21.2634071771582 81.2891736523858,21.2634268451265 81.289183680827,21.2634355273013 81.2892150878906,21.2634647951841 81.2892281725109,21.2634769901353 81.2892281725109,21.2634977215523</coordinates>
        </LineString>
        <Style>
          <LineStyle>
            <color>#ff37ff00</color>
            <width>2</width>
          </LineStyle>
        </Style>
      </Placemark>
      <Placemark>
        <name xmlns:py="http://codespeak.net/lxml/objectify/pytype" py:pytype="str">274.0</name>
        <Style>
          <LineStyle>
            <color>ff0000ff</color>
          </LineStyle>
          <PolyStyle>
            <fill>0</fill>
          </PolyStyle>
        </Style>
        <ExtendedData>
          <SchemaData schemaUrl="#contour">
            <SimpleData name="ID">2</SimpleData>
          </SchemaData>
        </ExtendedData>
        <LineString>
          <coordinates>81.2843963329044,21.2635391843863 81.2843963329044,21.2635184529693 81.2843807782905,21.2634769901353 81.2843671338312,21.2634492301959 81.2843572910643,21.2634355273013 81.2843256983264,21.2634013602754 81.2843065560948,21.2633940644673 81.2842842628216,21.2633862147312 81.2842428273168,21.2633862147312 81.284201391812,21.2633862147312 81.2841599563072,21.2633910334259 81.2841545827239,21.2633940644673 81.2841185208025,21.2634176906802 81.2841062890671,21.2634355273013 81.2840845742873,21.2634769901353 81.2840770852977,21.2634953787871 81.284069021132,21.2635184529693 81.284069021132,21.2635391843863</coordinates>
        </LineString>
        <Style>
          <LineStyle>
            <color>#fffffe00</color>
            <width>2</width>
          </LineStyle>
        </Style>
      </Placemark>
      <Placemark>
        <name xmlns:py="http://codespeak.net/lxml/objectify/pytype" py:pytype="str">280.0</name>
        <Style>
          <LineStyle>
            <color>ff0000ff</color>
          </LineStyle>
          <PolyStyle>
            <fill>0</fill>
          </PolyStyle>
        </Style>
        <ExtendedData>
          <SchemaData schemaUrl="#contour">
            <SimpleData name="ID">3</SimpleData>
          </SchemaData>
        </ExtendedData>
        <LineString>
          <coordinates>81.2895489531592,21.2634977215523 81.2895489531592,21.2634769901353 81.2895880074337,21.2634405959043 81.2895938710552,21.2634355273013 81.2896294429384,21.2634047784284 81.2896533572687,21.2633940644673 81.2896708784432,21.2633862147312 81.289712313948,21.2633862147312 81.2897537494528,21.2633862147312 81.2897951849576,21.2633865070814 81.2898138369749,21.2633940644673 81.2898366204624,21.2634033871789 81.2898710635271,21.2634355273013 81.2898780559671,21.2634419791392 81.2899156259065,21.2634769901353 81.2899156259065,21.2634977215523</coordinates>
        </LineString>
        <Style>
          <LineStyle>
            <color>#ff37ff00</color>
            <width>2</width>
          </LineStyle>
        </Style>
      </Placemark>
      <Placemark>
        <name xmlns:py="http://codespeak.net/lxml/objectify/pytype" py:pytype="str">283.0</name>
        <Style>
          <LineStyle>
            <color>ff0000ff</color>
          </LineStyle>
          <PolyStyle>
            <fill>0</fill>
          </PolyStyle>
        </Style>
        <ExtendedData>
          <SchemaData schemaUrl="#contour">
            <SimpleData name="ID">4</SimpleData>
          </SchemaData>
        </ExtendedData>
        <LineString>
          <coordinates>81.2990736014483,21.2634147958843 81.2990736014483,21.2633940644673 81.2990767380287,21.2633918465595 81.2991181735335,21.2633862147312 81.2991596090383,21.2633862147312 81.299201044543,21.2633862147312 81.2992355598027,21.2633940644673 81.2992355598027,21.2634147958843</coordinates>
        </LineString>
        <Style>
          <LineStyle>
            <color>#ff00ff2c</color>
            <width>2</width>
          </LineStyle>
        </Style>
      </Placemark>
      <Placemark>
        <name xmlns:py="http://codespeak.net/lxml/objectify/pytype" py:pytype="str">285.0</name>
        <Style>
          <LineStyle>
            <color>ff0000ff</color>
          </LineStyle>
          <PolyStyle>
            <fill>0</fill>
          </PolyStyle>
        </Style>
        <ExtendedData>
          <SchemaData schemaUrl="#contour">
            <SimpleData name="ID">5</SimpleData>
          </SchemaData>
        </ExtendedData>
        <LineString>
          <coordinates>81.2954896875064,21.2634562587183 81.2954896875064,21.2634355273013 81.2954897164361,21.2633940644673 81.2955132846175,21.2633526056404 81.2955547201222,21.2633526030879 81.295596155627,21.2633526025219 81.2956375911318,21.2633526022897 81.2956790266366,21.2633526022459 81.2957204621414,21.2633526024704 81.2957618976461,21.2633526029562 81.2958033331509,21.263352604749 81.2958447686557,21.2633527700851 81.2958860358197,21.2633940644673 81.2958861604542,21.2634355273013 81.2958861604542,21.2634562587183</coordinates>
        </LineString>
        <Style>
          <LineStyle>
            <color>#ff00ff70</color>
            <width>2</width>
          </LineStyle>
        </Style>
      </Placemark>
      <Placemark>
        <name xmlns:py="http://codespeak.net/lxml/objectify/pytype" py:pytype="str">288.0</name>
        <Style>
          <LineStyle>
            <color>ff0000ff</color>
          </LineStyle>
          <PolyStyle>
            <fill>0</fill>
          </PolyStyle>
        </Style>
        <ExtendedData>
          <SchemaData schemaUrl="#contour">
            <SimpleData name="ID">6</SimpleData>
          </SchemaData>
        </ExtendedData>
        <LineString>
          <coordinates>81.3011735162305,21.2634147958843 81.3011735162305,21.2633940644673 81.3011899487726,21.263393249473 81.3012147886617,21.2633940644673 81.3012147886617,21.2634147958843</coordinates>
        </LineString>
        <Style>
          <LineStyle>
            <color>#ff00ffd4</color>
            <width>2</width>
          </LineStyle>
        </Style>
      </Placemark>
      <Placemark>
        <name xmlns:py="http://codespeak.net/lxml/objectify/pytype" py:pytype="str">285.0</name>
        <Style>
          <LineStyle>
            <color>ff0000ff</color>
          </LineStyle>
          <PolyStyle>
            <fill>0</fill>
          </PolyStyle>
        </Style>
        <ExtendedData>
          <SchemaData schemaUrl="#contour">
            <SimpleData name="ID">7</SimpleData>
          </SchemaData>
        </ExtendedData>
        <LineString>
          <coordinates>81.3036792264748,21.2633733330503 81.3036792264748,21.2633526016333 81.3037175145643,21.2633410027002 81.303758950069,21.2633470035235 81.3037769696102,21.2633526016333 81.3037769696102,21.2633733330503</coordinates>
        </LineString>
        <Style>
          <LineStyle>
            <color>#ff00ff70</color>
            <width>2</width>
          </LineStyle>
        </Style>
      </Placemark>
      <Placemark>
        <name xmlns:py="http://codespeak.net/lxml/objectify/pytype" py:pytype="str">286.0</name>
        <Style>
          <LineStyle>
            <color>ff0000ff</color>
          </LineStyle>
          <PolyStyle>
            <fill>0</fill>
          </PolyStyle>
        </Style>
        <ExtendedData>
          <SchemaData schemaUrl="#contour">
            <SimpleData name="ID">8</SimpleData>
          </SchemaData>
        </ExtendedData>
        <LineString>
          <coordinates>81.3035817606933,21.2633733330503 81.3035817606933,21.2633526016333 81.3035932080499,21.2633443026942 81.3036346435547,21.2633178986678 81.303646686808,21.2633111387993 81.3036760790595,21.263296069228 81.3037175145643,21.2632867597058 81.303758950069,21.2632936161941 81.3038003855738,21.2633064872849 81.3038153600505,21.2633111387993 81.3038418210786,21.2633193586986 81.3038832565834,21.2633392311196 81.3038969183877,21.2633526016333 81.3038969183877,21.2633733330503</coordinates>
        </LineString>
        <Style>
          <LineStyle>
            <color>#ff00ff91</color>
            <width>2</width>
          </LineStyle>
        </Style>
      </Placemark>
      <Placemark>
        <name xmlns:py="http://codespeak.net/lxml/objectify/pytype" py:pytype="str">283.0</name>
        <Style>
          <LineStyle>
            <color>ff0000ff</color>
          </LineStyle>
          <PolyStyle>
            <fill>0</fill>
          </PolyStyle>
        </Style>
        <ExtendedData>
          <SchemaData schemaUrl="#contour">
            <SimpleData name="ID">9</SimpleData>
          </SchemaData>
        </ExtendedData>
        <LineString>
          <coordinates>81.2814044952393,21.2635567418073 81.2814252129916,21.2635567418073 81.2814666484964,21.2635497366361 81.2815080840012,21.2635402647103 81.281549519506,21.2635268238911 81.2815546184038,21.2635184529693 81.2815604243068,21.2634769901353 81.2815648092493,21.2634355273013 81.2815632483328,21.2633940644673 81.281549519506,21.2633757361168 81.2815327302591,21.2633526016333 81.2815080840012,21.2633296313602 81.2814882421639,21.2633111387993 81.2814666484964,21.2632910159079 81.2814437139866,21.2632696759653 81.2814252129916,21.2632529713095 81.2814044952393,21.2632529713095</coordinates>
        </LineString>
        <Style>
          <LineStyle>
            <color>#ff00ff2c</color>
            <width>2</width>
          </LineStyle>
        </Style>
      </Placemark>
      <Placemark>
        <name xmlns:py="http://codespeak.net/lxml/objectify/pytype" py:pytype="str">284.0</name>
        <Style>
          <LineStyle>
            <color>ff0000ff</color>
          </LineStyle>
          <PolyStyle>
            <fill>0</fill>
          </PolyStyle>
        </Style>
        <ExtendedData>
          <SchemaData schemaUrl="#contour">
            <SimpleData name="ID">10</SimpleData>
          </SchemaData>
        </ExtendedData>
        <LineString>
          <coordinates>81.3048945529674,21.2633733330503 81.3048945529674,21.2633526016333 81.3049191442029,21.2633187443925 81.3049327254279,21.2633111387993 81.3049605797077,21.2632943130169 81.3050020152125,21.2632795575231 81.3050238969645,21.2632696759653 81.3050434507173,21.2632602151858 81.305084886222,21.2632512733994 81.3051084047397,21.2632696759653 81.3051263217268,21.263284175754 81.3051503853141,21.2633111387993 81.3051677572316,21.2633273944756 81.3052004582932,21.2633526016333 81.3052004582932,21.2633733330503</coordinates>
        </LineString>
        <Style>
          <LineStyle>
            <color>#ff00ff4e</color>
            <width>2</width>
          </LineStyle>
        </Style>
      </Placemark>
      <Placemark>
        <name xmlns:py="http://codespeak.net/lxml/objectify/pytype" py:pytype="str">284.0</name>
        <Style>
          <LineStyle>
            <color>ff0000ff</color>
          </LineStyle>
          <PolyStyle>
            <fill>0</fill>
          </PolyStyle>
        </Style>
        <ExtendedData>
          <SchemaData schemaUrl="#contour">
            <SimpleData name="ID">11</SimpleData>
          </SchemaData>
        </ExtendedData>
        <LineString>
          <coordinates>81.3111161189937,21.2633318702163 81.3111161189937,21.2633111387993 81.3111244362663,21.2632696759653 81.3111344699202,21.2632462978302 81.311175905425,21.2632351021711 81.3112173409298,21.2632299138604 81.3112587764345,21.2632303908688 81.3113002119393,21.2632498316446 81.3113220940818,21.2632696759653 81.3113416474441,21.2632878975196 81.311366587422,21.2633111387993 81.311366587422,21.2633318702163</coordinates>
        </LineString>
        <Style>
          <LineStyle>
            <color>#ff00ff4e</color>
            <width>2</width>
          </LineStyle>
        </Style>
      </Placemark>
      <Placemark>
        <name xmlns:py="http://codespeak.net/lxml/objectify/pytype" py:pytype="str">285.0</name>
        <Style>
          <LineStyle>
            <color>ff0000ff</color>
          </LineStyle>
          <PolyStyle>
            <fill>0</fill>
          </PolyStyle>
        </Style>
        <ExtendedData>
          <SchemaData schemaUrl="#contour">
            <SimpleData name="ID">12</SimpleData>
          </SchemaData>
        </ExtendedData>
        <LineString>
          <coordinates>81.2977125361638,21.2634147958843 81.2977125361638,21.2633940644673 81.2977093663709,21.2633877146896 81.2976859851793,21.2633526016333 81.2976679308661,21.2633340477116 81.2976433475483,21.2633111387993 81.2976264953613,21.2632954344393 81.2975988577066,21.2632696759653 81.2975850598565,21.2632563268811 81.2975436243518,21.2632322571285 81.297502188847,21.2632292094656 81.2974607533422,21.2632338106568 81.2974193178374,21.2632431981279 81.2973951163583,21.2632696759653 81.2973868058934,21.2633111387993 81.2973824480562,21.2633526016333 81.2973936461308,21.2633940644673 81.2974193178374,21.2634208536027 81.297433096454,21.2634355273013 81.297433096454,21.2634562587183</coordinates>
        </LineString>
        <Style>
          <LineStyle>
            <color>#ff00ff70</color>
            <width>2</width>
          </LineStyle>
        </Style>
      </Placemark>
      <Placemark>
        <name xmlns:py="http://codespeak.net/lxml/objectify/pytype" py:pytype="str">287.0</name>
        <Style>
          <LineStyle>
            <color>ff0000ff</color>
          </LineStyle>
          <PolyStyle>
            <fill>0</fill>
          </PolyStyle>
        </Style>
        <ExtendedData>
          <SchemaData schemaUrl="#contour">
            <SimpleData name="ID">13</SimpleData>
          </SchemaData>
        </ExtendedData>
        <LineString>
          <coordinates>81.3119217451717,21.2632904073823 81.3119217451717,21.2632696759653 81.311921744511,21.2632696748635 81.3118803090063,21.2632696743538 81.3118388735015,21.2632696729599 81.3118388697514,21.2632696759653 81.3118388697514,21.2632904073823</coordinates>
        </LineString>
        <Style>
          <LineStyle>
            <color>#ff00ffb3</color>
            <width>2</width>
          </LineStyle>
        </Style>
      </Placemark>
      <Placemark>
        <name xmlns:py="http://codespeak.net/lxml/objectify/pytype" py:pytype="str">292.0</name>
        <Style>
          <LineStyle>
            <color>ff0000ff</color>
          </LineStyle>
          <PolyStyle>
            <fill>0</fill>
          </PolyStyle>
        </Style>
        <ExtendedData>
          <SchemaData schemaUrl="#contour">
            <SimpleData name="ID">14</SimpleData>
          </SchemaData>
        </ExtendedData>
        <LineString>
          <coordinates>81.3029716894662,21.2633733330503 81.3029716894662,21.2633526016333 81.3029716894662,21.2633111387993 81.3029716894662,21.2632696759653 81.3029716754782,21.2632696747403 81.3029302399734,21.2632696740732 81.3028888044686,21.2632696718239 81.30288880214,21.2632696759653 81.3028888032756,21.2633111387993 81.3028888036662,21.2633526016333 81.3028888036662,21.2633733330503</coordinates>
        </LineString>
        <Style>
          <LineStyle>
            <color>#ff00a4ff</color>
            <width>2</width>
          </LineStyle>
        </Style>
      </Placemark>
      <Placemark>
        <name xmlns:py="http://codespeak.net/lxml/objectify/pytype" py:pytype="str">287.0</name>
        <Style>
          <LineStyle>
            <color>ff0000ff</color>
          </LineStyle>
          <PolyStyle>
            <fill>0</fill>
          </PolyStyle>
        </Style>
        <ExtendedData>
          <SchemaData schemaUrl="#contour">
            <SimpleData name="ID">15</SimpleData>
          </SchemaData>
        </ExtendedData>
        <LineString>
          <coordinates>81.3034857517398,21.2633733330503 81.3034857517398,21.2633526016333 81.3035103370403,21.2633300536981 81.3035344475238,21.2633111387993 81.3035517725451,21.2632991377112 81.3035932080499,21.2632746995105 81.303602956853,21.2632696759653 81.3036346435547,21.2632522849682 81.3036760790595,21.2632335720378 81.3037082808552,21.2632282131313 81.3037175145643,21.2632255471085 81.3037245257265,21.2632282131313 81.303758950069,21.2632352698654 81.3038003855738,21.2632499544659 81.3038418210786,21.2632651861327 81.3038500088035,21.2632696759653 81.3038832565834,21.2632849674347 81.3039117914528,21.2633111387993 81.3039246920882,21.2633237458017 81.3039473229617,21.2633526016333 81.3039473229617,21.2633733330503</coordinates>
        </LineString>
        <Style>
          <LineStyle>
            <color>#ff00ffb3</color>
            <width>2</width>
          </LineStyle>
        </Style>
      </Placemark>
      <Placemark>
        <name xmlns:py="http://codespeak.net/lxml/objectify/pytype" py:pytype="str">291.0</name>
        <Style>
          <LineStyle>
            <color>ff0000ff</color>
          </LineStyle>
          <PolyStyle>
            <fill>0</fill>
          </PolyStyle>
        </Style>
        <ExtendedData>
          <SchemaData schemaUrl="#contour">
            <SimpleData name="ID">16</SimpleData>
          </SchemaData>
        </ExtendedData>
        <LineString>
          <coordinates>81.309304232204,21.2633318702163 81.309304232204,21.2633111387993 81.309269872205,21.2632791191099 81.3092588864228,21.2632696759653 81.3092284367002,21.2632429474862 81.309192386712,21.2632282131313 81.3091870011955,21.2632260573768 81.3091455656907,21.2632260573768 81.3091041301859,21.2632260573768 81.3090626946811,21.2632260759223 81.3090212591763,21.2632272117838 81.3090044996937,21.2632282131313 81.3089798236715,21.2632302254902 81.3089383881668,21.2632356804164 81.308896952662,21.2632477742264 81.3088805672167,21.2632696759653 81.3088677858863,21.2633111387993 81.3088677858863,21.2633318702163</coordinates>
        </LineString>
        <Style>
          <LineStyle>
            <color>#ff00c6ff</color>
            <width>2</width>
          </LineStyle>
        </Style>
      </Placemark>
      <Placemark>
        <name xmlns:py="http://codespeak.net/lxml/objectify/pytype" py:pytype="str">267.0</name>
        <Style>
          <LineStyle>
            <color>ff0000ff</color>
          </LineStyle>
          <PolyStyle>
            <fill>0</fill>
          </PolyStyle>
        </Style>
        <ExtendedData>
          <SchemaData schemaUrl="#contour">
            <SimpleData name="ID">17</SimpleData>
          </SchemaData>
        </ExtendedData>
        <LineString>
          <coordinates>81.2830411976781,21.2631776792363 81.2830596775519,21.2631867502973 81.2830826331829,21.2632014462669 81.2831151290761,21.2632282131313 81.2831240686877,21.2632370050583 81.2831513522374,21.2632696759653 81.2831655041925,21.2632916507851 81.2831751934835,21.2633111387993 81.2831914255551,21.2633526016333 81.2831931547168,21.2633940644673 81.2831655041925,21.2634331366221 81.2831627107877,21.2634355273013 81.2831240686877,21.2634568890122 81.2830826331829,21.2634592961742 81.2830411976781,21.2634520545714 81.2829997621734,21.2634461174075 81.2829583266686,21.2634391915144 81.2829476092976,21.2634355273013 81.2829168911638,21.2634237633296 81.282875455659,21.2633947251297 81.2828745945199,21.2633940644673 81.282857774762,21.2633526016333 81.282857774762,21.2633111387993 81.282857774762,21.2632696759653 81.2828622406602,21.2632282131313 81.282875455659,21.2632025632573 81.2828857180968,21.2631867502973 81.2829168911638,21.2631607763033 81.2829583266686,21.2631531952959 81.2829997621734,21.2631615788325 81.2830411976781,21.2631776792363</coordinates>
        </LineString>
        <Style>
          <LineStyle>
            <color>#ffff1200</color>
            <width>2</width>
          </LineStyle>
        </Style>
      </Placemark>
      <Placemark>
        <name xmlns:py="http://codespeak.net/lxml/objectify/pytype" py:pytype="str">285.0</name>
        <Style>
          <LineStyle>
            <color>ff0000ff</color>
          </LineStyle>
          <PolyStyle>
            <fill>0</fill>
          </PolyStyle>
        </Style>
        <ExtendedData>
          <SchemaData schemaUrl="#contour">
            <SimpleData name="ID">18</SimpleData>
          </SchemaData>
        </ExtendedData>
        <LineString>
          <coordinates>81.3048447061482,21.2633733330503 81.3048447061482,21.2633526016333 81.3048646518653,21.2633111387993 81.3048777086981,21.2632869324124 81.3048905869122,21.2632696759653 81.3049191442029,21.2632339752835 81.3049275725912,21.2632282131313 81.3049605797077,21.2632060538752 81.3050007144523,21.2631867502973 81.3050020152125,21.2631861441799 81.3050434507173,21.2631668351356 81.305084886222,21.2631553348674 81.3051263217268,21.2631687804526 81.3051462106301,21.2631867502973 81.3051677572316,21.2632126776368 81.3051783564811,21.2632282131313 81.3052091927364,21.2632636272541 81.3052149490535,21.2632696759653 81.3052506282412,21.2632991630526 81.3052667601774,21.2633111387993 81.305292063746,21.2633307789473 81.305315793498,21.2633526016333 81.305315793498,21.2633733330503</coordinates>
        </LineString>
        <Style>
          <LineStyle>
            <color>#ff00ff70</color>
            <width>2</width>
          </LineStyle>
        </Style>
      </Placemark>
      <Placemark>
        <name xmlns:py="http://codespeak.net/lxml/objectify/pytype" py:pytype="str">293.0</name>
        <Style>
          <LineStyle>
            <color>ff0000ff</color>
          </LineStyle>
          <PolyStyle>
            <fill>0</fill>
          </PolyStyle>
        </Style>
        <ExtendedData>
          <SchemaData schemaUrl="#contour">
            <SimpleData name="ID">19</SimpleData>
          </SchemaData>
        </ExtendedData>
        <LineString>
          <coordinates>81.3064556923972,21.2633733330503 81.3064556923972,21.2633526016333 81.3064548723882,21.2633111387993 81.30645418413,21.2632696759653 81.3064522578799,21.2632601095181 81.306440767287,21.2632282131313 81.3064108223751,21.26320647452 81.3063787754214,21.2631867502973 81.3063693868703,21.2631823757557 81.3063279513655,21.2631630677237 81.3062865158607,21.2631551753937 81.3062450803559,21.2631674925388 81.3062037549822,21.2631867502973 81.3062036448512,21.263186818084 81.3061622093464,21.263212318776 81.3061443246667,21.2632282131313 81.3061317686092,21.2632696759653 81.3061303910577,21.2633111387993 81.3061288829185,21.2633526016333 81.3061288829185,21.2633733330503</coordinates>
        </LineString>
        <Style>
          <LineStyle>
            <color>#ff0082ff</color>
            <width>2</width>
          </LineStyle>
        </Style>
      </Placemark>
      <Placemark>
        <name xmlns:py="http://codespeak.net/lxml/objectify/pytype" py:pytype="str">282.0</name>
        <Style>
          <LineStyle>
            <color>ff0000ff</color>
          </LineStyle>
          <PolyStyle>
            <fill>0</fill>
          </PolyStyle>
        </Style>
        <ExtendedData>
          <SchemaData schemaUrl="#contour">
            <SimpleData name="ID">20</SimpleData>
          </SchemaData>
        </ExtendedData>
        <LineString>
          <coordinates>81.2817222397651,21.2635806472203 81.2817222397651,21.2635599158033 81.281733366194,21.2635184529693 81.2817351596064,21.2634769901353 81.2817373449575,21.2634355273013 81.2817351497679,21.2633940644673 81.2817152615251,21.2633666248133 81.2817045931939,21.2633526016333 81.2816738260203,21.2633239300567 81.2816600998538,21.2633111387993 81.2816323905156,21.2632853137401 81.2816156117586,21.2632696759653 81.2815909550108,21.2632507721943 81.281562918202,21.2632282131313 81.281549519506,21.2632203765534 81.2815080840012,21.2631922137049 81.281501072098,21.2631867502973 81.2814666484964,21.2631583271838 81.28145354926,21.2631452874633 81.2814252129916,21.2631112821545 81.2814044952393,21.2631112821545</coordinates>
        </LineString>
        <Style>
          <LineStyle>
            <color>#ff00ff0b</color>
            <width>2</width>
          </LineStyle>
        </Style>
      </Placemark>
      <Placemark>
        <name xmlns:py="http://codespeak.net/lxml/objectify/pytype" py:pytype="str">280.0</name>
        <Style>
          <LineStyle>
            <color>ff0000ff</color>
          </LineStyle>
          <PolyStyle>
            <fill>0</fill>
          </PolyStyle>
        </Style>
        <ExtendedData>
          <SchemaData schemaUrl="#contour">
            <SimpleData name="ID">21</SimpleData>
          </SchemaData>
        </ExtendedData>
        <LineString>
          <coordinates>81.2919083957014,21.263097183492 81.2919134844954,21.2631038246293 81.2919375331091,21.2631452874633 81.2919498312062,21.2631739962805 81.2919544882915,21.2631867502973 81.2919613924706,21.2632282131313 81.2919529580705,21.2632696759653 81.2919498312062,21.2632781093617 81.2919354253779,21.2633111387993 81.2919103898772,21.2633526016333 81.2919083957014,21.2633552841795 81.2918669601967,21.2633799377254 81.2918255246919,21.2633821637424 81.2917840891871,21.2633770961252 81.2917426536823,21.2633679985512 81.2917281736474,21.2633526016333 81.2917184869538,21.2633111387993 81.2917127135577,21.2632696759653 81.2917101779695,21.2632282131313 81.2917122419027,21.2631867502973 81.2917177520151,21.2631452874633 81.291726864314,21.2631038246293 81.2917426536823,21.2630658768535 81.2917840891871,21.2630658941034 81.2918255246919,21.2630658925361 81.2918669601967,21.2630714785726 81.2919083957014,21.263097183492</coordinates>
        </LineString>
        <Style>
          <LineStyle>
            <color>#ff37ff00</color>
            <width>2</width>
          </LineStyle>
        </Style>
      </Placemark>
      <Placemark>
        <name xmlns:py="http://codespeak.net/lxml/objectify/pytype" py:pytype="str">283.0</name>
        <Style>
          <LineStyle>
            <color>ff0000ff</color>
          </LineStyle>
          <PolyStyle>
            <fill>0</fill>
          </PolyStyle>
        </Style>
        <ExtendedData>
          <SchemaData schemaUrl="#contour">
            <SimpleData name="ID">22</SimpleData>
          </SchemaData>
        </ExtendedData>
        <LineString>
          <coordinates>81.2911625570963,21.2631038246293 81.2911625566154,21.2631038213949 81.2911211211106,21.263103823257 81.2910796856058,21.2631038237584 81.2910796763103,21.2631038246293 81.2910796747494,21.2631452874633 81.2910796724321,21.2631867502973 81.2910796700111,21.2632282131313 81.2910796692602,21.2632696759653 81.2910796692602,21.2633111387993 81.2910796692602,21.2633526016333 81.2910796856058,21.2633526020439 81.2911211211106,21.2633526019814 81.2911625566154,21.2633526019353 81.2911625570963,21.2633526016333 81.2911625570963,21.2633111387993 81.2911625570963,21.2632696759653 81.2911625570963,21.2632282131313 81.2911625570963,21.2631867502973 81.2911625570963,21.2631452874633 81.2911625570963,21.2631038246293</coordinates>
        </LineString>
        <Style>
          <LineStyle>
            <color>#ff00ff2c</color>
            <width>2</width>
          </LineStyle>
        </Style>
      </Placemark>
      <Placemark>
        <name xmlns:py="http://codespeak.net/lxml/objectify/pytype" py:pytype="str">284.0</name>
        <Style>
          <LineStyle>
            <color>ff0000ff</color>
          </LineStyle>
          <PolyStyle>
            <fill>0</fill>
          </PolyStyle>
        </Style>
        <ExtendedData>
          <SchemaData schemaUrl="#contour">
            <SimpleData name="ID">23</SimpleData>
          </SchemaData>
        </ExtendedData>
        <LineString>
          <coordinates>81.2978108527,21.2634147958843 81.2978108527,21.2633940644673 81.2977922373804,21.2633535737427 81.2977918072904,21.2633526016333 81.2977695606203,21.2633111387993 81.2977508018757,21.2632761766808 81.2977462906427,21.2632696759653 81.2977226010873,21.2632282131313 81.2977133213123,21.2631867502973 81.2977099794635,21.2631452874633 81.2977093663709,21.2631384067775 81.297699653748,21.2631038246293 81.2976679308661,21.2630797672402 81.2976264953613,21.2630725497653 81.2975850598565,21.2630682510156 81.2975436243518,21.2630662531617 81.297502188847,21.2630658907551 81.2974607533422,21.2630658907551 81.2974193178374,21.2630658907551 81.2973778823326,21.2630748060221 81.2973401229171,21.2631038246293 81.2973364468279,21.2631066500854 81.2972950113231,21.2631452679123 81.2972949903431,21.2631452874633 81.2972535758183,21.2631838811846 81.2972504970029,21.2631867502973 81.2972165322656,21.2632282131313 81.2972121403135,21.2632471343916 81.2972055335894,21.2632696759653 81.2972009887581,21.2633111387993 81.2971915472,21.2633526016333 81.2972121403135,21.2633803617568 81.2972165525666,21.2633940644673 81.2972535758183,21.2634275819361 81.2972612335192,21.2634355273013 81.2972612335192,21.2634562587183</coordinates>
        </LineString>
        <Style>
          <LineStyle>
            <color>#ff00ff4e</color>
            <width>2</width>
          </LineStyle>
        </Style>
      </Placemark>
      <Placemark>
        <name xmlns:py="http://codespeak.net/lxml/objectify/pytype" py:pytype="str">285.0</name>
        <Style>
          <LineStyle>
            <color>ff0000ff</color>
          </LineStyle>
          <PolyStyle>
            <fill>0</fill>
          </PolyStyle>
        </Style>
        <ExtendedData>
          <SchemaData schemaUrl="#contour">
            <SimpleData name="ID">24</SimpleData>
          </SchemaData>
        </ExtendedData>
        <LineString>
          <coordinates>81.3109864104777,21.2633318702163 81.3109864104777,21.2633111387993 81.3110039461069,21.2632696759653 81.3110101634058,21.2632506578502 81.3110168789973,21.2632282131313 81.3110295121306,21.2631867502973 81.3110464654944,21.2631452874633 81.3110515989106,21.2631350424694 81.3110736224763,21.2631038246293 81.3110930344154,21.2630826020488 81.3111344699202,21.2630658907551 81.311175905425,21.2630658907551 81.3112173409298,21.2630658907551 81.3112587764345,21.2630711829526 81.3112967275003,21.2631038246293 81.3113002119393,21.2631064627464 81.3113319231406,21.2631452874633 81.3113416474441,21.263155122456 81.3113794229109,21.2631867502973 81.3113830829489,21.2631896302592 81.3114245184537,21.2632184848013 81.3114363494705,21.2632282131313 81.3114659539584,21.2632626644525 81.3114703731483,21.2632696759653 81.3114843795384,21.2632904073823 81.3114866717108,21.2632918082052</coordinates>
        </LineString>
        <Style>
          <LineStyle>
            <color>#ff00ff70</color>
            <width>2</width>
          </LineStyle>
        </Style>
      </Placemark>
      <Placemark>
        <name xmlns:py="http://codespeak.net/lxml/objectify/pytype" py:pytype="str">286.0</name>
        <Style>
          <LineStyle>
            <color>ff0000ff</color>
          </LineStyle>
          <PolyStyle>
            <fill>0</fill>
          </PolyStyle>
        </Style>
        <ExtendedData>
          <SchemaData schemaUrl="#contour">
            <SimpleData name="ID">25</SimpleData>
          </SchemaData>
        </ExtendedData>
        <LineString>
          <coordinates>81.2950989305401,21.2631038246293 81.2950989295696,21.2631038225296 81.2950574940649,21.263103823513 81.2950160585601,21.2631038238686 81.2950160577451,21.2631038246293 81.2950160577451,21.2631452874633 81.2950160577451,21.2631867502973 81.2950160577451,21.2632282131313 81.2950160577451,21.2632696759653 81.2950160577451,21.2633111387993 81.2950160577451,21.2633526016333 81.2950160585601,21.2633526023614 81.2950574940649,21.2633526027022 81.2950989295696,21.263352603643 81.2950989305401,21.2633526016333 81.2950989305401,21.2633111387993 81.2950989305401,21.2632696759653 81.2950989305401,21.2632282131313 81.2950989305401,21.2631867502973 81.2950989305401,21.2631452874633 81.2950989305401,21.2631038246293</coordinates>
        </LineString>
        <Style>
          <LineStyle>
            <color>#ff00ff91</color>
            <width>2</width>
          </LineStyle>
        </Style>
      </Placemark>
      <Placemark>
        <name xmlns:py="http://codespeak.net/lxml/objectify/pytype" py:pytype="str">286.0</name>
        <Style>
          <LineStyle>
            <color>ff0000ff</color>
          </LineStyle>
          <PolyStyle>
            <fill>0</fill>
          </PolyStyle>
        </Style>
        <ExtendedData>
          <SchemaData schemaUrl="#contour">
            <SimpleData name="ID">26</SimpleData>
          </SchemaData>
        </ExtendedData>
        <LineString>
          <coordinates>81.3047993613724,21.2633733330503 81.3047993613724,21.2633526016333 81.304815983193,21.2633111387993 81.3048352330184,21.2632696759653 81.3048362731934,21.2632677214782 81.3048587375453,21.2632282131313 81.3048777086981,21.2632003760972 81.3048893944198,21.2631867502973 81.3049191442029,21.2631530101178 81.3049307212317,21.2631452874633 81.3049605797077,21.2631253686837 81.3050020152125,21.2631060607777 81.305006814388,21.2631038246293 81.3050434507173,21.2630867541416 81.305084886222,21.2630716040325 81.3051263217268,21.2630673389059 81.3051677572316,21.2630699566136 81.3052091927364,21.2630753251305 81.3052506282412,21.2630985048236 81.3052533994863,21.2631038246293 81.3052599956738,21.2631452874633 81.3052646721952,21.2631867502973 81.3052826749883,21.2632282131313 81.305292063746,21.2632360687915 81.3053334992507,21.2632695223424 81.3053336641354,21.2632696759653 81.3053749347555,21.2633064225258 81.3053793530298,21.2633111387993 81.3054119802697,21.2633526016333 81.3054119802697,21.2633733330503</coordinates>
        </LineString>
        <Style>
          <LineStyle>
            <color>#ff00ff91</color>
            <width>2</width>
          </LineStyle>
        </Style>
      </Placemark>
      <Placemark>
        <name xmlns:py="http://codespeak.net/lxml/objectify/pytype" py:pytype="str">290.0</name>
        <Style>
          <LineStyle>
            <color>ff0000ff</color>
          </LineStyle>
          <PolyStyle>
            <fill>0</fill>
          </PolyStyle>
        </Style>
        <ExtendedData>
          <SchemaData schemaUrl="#contour">
            <SimpleData name="ID">27</SimpleData>
          </SchemaData>
        </ExtendedData>
        <LineString>
          <coordinates>81.3094300319015,21.2633318702163 81.3094300319015,21.2633111387993 81.3094060061061,21.2632696759653 81.3093941787194,21.2632451783996 81.3093830440344,21.2632282131313 81.3093711603259,21.2631867502973 81.3093654709444,21.2631452874633 81.3093591608647,21.2631038246293 81.3093527432146,21.2630927637996 81.3093113077098,21.2630820947784 81.309269872205,21.2630740978565 81.3092284367002,21.2630683092698 81.3091870011955,21.2630658907551 81.3091455656907,21.2630658907551 81.3091041301859,21.2630658907551 81.3090626946811,21.2630659131007 81.3090212591763,21.2630670944553 81.3089798236715,21.2630693159908 81.3089383881668,21.2630713038557 81.308896952662,21.2630730751736 81.3088555171572,21.2630964707737 81.3088490774826,21.2631038246293 81.3088140816524,21.2631436850528 81.3088125719273,21.2631452874633 81.3087726461476,21.2631811234443 81.3087650741345,21.2631867502973 81.3087312106428,21.2632119450867 81.308690225095,21.2632282131313 81.3086897751381,21.2632284516881 81.3086483396333,21.263234646072 81.3086069041285,21.2632358963402 81.3085654686237,21.2632370575613 81.3085240331189,21.2632384486479 81.3084825976142,21.2632407620598 81.3084411621094,21.2632447434199 81.3083997266046,21.2632516741473 81.3083699557167,21.2632696759653 81.3083606980029,21.2633111387993 81.3083606980029,21.2633318702163</coordinates>
        </LineString>
        <Style>
          <LineStyle>
            <color>#ff00e7ff</color>
            <width>2</width>
          </LineStyle>
        </Style>
      </Placemark>
      <Placemark>
        <name xmlns:py="http://codespeak.net/lxml/objectify/pytype" py:pytype="str">292.0</name>
        <Style>
          <LineStyle>
            <color>ff0000ff</color>
          </LineStyle>
          <PolyStyle>
            <fill>0</fill>
          </PolyStyle>
        </Style>
        <ExtendedData>
          <SchemaData schemaUrl="#contour">
            <SimpleData name="ID">28</SimpleData>
          </SchemaData>
        </ExtendedData>
        <LineString>
          <coordinates>81.3065408963471,21.2633733330503 81.3065408963471,21.2633526016333 81.3065351288894,21.2633242519747 81.3065327409942,21.2633111387993 81.3065261357178,21.2632696759653 81.3065167613405,21.2632282131313 81.3064948967317,21.2631867502973 81.3064936933846,21.2631850549806 81.3064540444233,21.2631452874633 81.3064522578799,21.2631436359713 81.3064108223751,21.2631216013978 81.3063726702407,21.2631038246293 81.3063693868703,21.2631020470828 81.3063279513655,21.2630796119471 81.3062865158607,21.2630704425476 81.3062450803559,21.263084755644 81.3062098549319,21.2631038246293 81.3062036448512,21.2631067181809 81.3061622093464,21.2631260261256 81.3061316303396,21.2631452874633 81.3061207738416,21.2631523249525 81.3060893418317,21.2631867502973 81.3060793383368,21.2632020201743 81.3060657674553,21.2632282131313 81.3060563938202,21.2632696759653 81.3060497870719,21.2633111387993 81.3060416315053,21.2633526016333 81.3060416315053,21.2633733330503</coordinates>
        </LineString>
        <Style>
          <LineStyle>
            <color>#ff00a4ff</color>
            <width>2</width>
          </LineStyle>
        </Style>
      </Placemark>
      <Placemark>
        <name xmlns:py="http://codespeak.net/lxml/objectify/pytype" py:pytype="str">292.0</name>
        <Style>
          <LineStyle>
            <color>ff0000ff</color>
          </LineStyle>
          <PolyStyle>
            <fill>0</fill>
          </PolyStyle>
        </Style>
        <ExtendedData>
          <SchemaData schemaUrl="#contour">
            <SimpleData name="ID">29</SimpleData>
          </SchemaData>
        </ExtendedData>
        <LineString>
          <coordinates>81.3028059354884,21.2631038246293 81.3028059334591,21.2631038238311 81.3027644979543,21.2631038234302 81.3027230624495,21.2631038222164 81.3027230592018,21.2631038246293 81.3027230608979,21.2631452874633 81.3027230614302,21.2631867502973 81.3027230624495,21.2631867511627 81.3027644979543,21.2631867515635 81.3028059334591,21.2631867526558 81.3028059397723,21.2631867502973 81.3028059365304,21.2631452874633 81.3028059354884,21.2631038246293</coordinates>
        </LineString>
        <Style>
          <LineStyle>
            <color>#ff00a4ff</color>
            <width>2</width>
          </LineStyle>
        </Style>
      </Placemark>
      <Placemark>
        <name xmlns:py="http://codespeak.net/lxml/objectify/pytype" py:pytype="str">294.0</name>
        <Style>
          <LineStyle>
            <color>ff0000ff</color>
          </LineStyle>
          <PolyStyle>
            <fill>0</fill>
          </PolyStyle>
        </Style>
        <ExtendedData>
          <SchemaData schemaUrl="#contour">
            <SimpleData name="ID">30</SimpleData>
          </SchemaData>
        </ExtendedData>
        <LineString>
          <coordinates>81.3043966498075,21.2633733330503 81.3043966498075,21.2633526016333 81.3044219181455,21.263327225937 81.3044303395983,21.2633111387993 81.3044552952406,21.2632696759653 81.3044633536503,21.2632534052984 81.3044765420555,21.2632282131313 81.3044746863102,21.2631867502973 81.3044633536503,21.2631576094735 81.3044571443286,21.2631452874633 81.304429388769,21.2631038246293 81.3044219181455,21.263098587756 81.3043804826408,21.263098471609 81.3043741047757,21.2631038246293 81.304339047136,21.2631328451996 81.3043163012904,21.2631452874633 81.3042976116312,21.2631532703971 81.3042561761264,21.2631665767213 81.3042185359803,21.2631867502973 81.3042147406216,21.2631900450828 81.3041971948417,21.2632282131313 81.3042097444473,21.2632696759653 81.3042147406216,21.2632788999897 81.3042545299426,21.2633111387993 81.3042561761264,21.2633125865982 81.3042976116312,21.2633261398291 81.304339047136,21.2633438947619 81.304355118164,21.2633526016333 81.304355118164,21.2633733330503</coordinates>
        </LineString>
        <Style>
          <LineStyle>
            <color>#ff0061ff</color>
            <width>2</width>
          </LineStyle>
        </Style>
      </Placemark>
      <Placemark>
        <name xmlns:py="http://codespeak.net/lxml/objectify/pytype" py:pytype="str">268.0</name>
        <Style>
          <LineStyle>
            <color>ff0000ff</color>
          </LineStyle>
          <PolyStyle>
            <fill>0</fill>
          </PolyStyle>
        </Style>
        <ExtendedData>
          <SchemaData schemaUrl="#contour">
            <SimpleData name="ID">31</SimpleData>
          </SchemaData>
        </ExtendedData>
        <LineString>
          <coordinates>81.2829997621734,21.2630607013794 81.2830399420568,21.2630623617953 81.2830411976781,21.2630624064952 81.2830826331829,21.2630641137461 81.2831240686877,21.263090829216 81.2831341627975,21.2631038246293 81.2831655041925,21.2631380114878 81.2831722020724,21.2631452874633 81.2832069396973,21.263177081061 81.2832197013947,21.2631867502973 81.283248375202,21.2632105652787 81.2832682915627,21.2632282131313 81.2832838886718,21.2632696759653 81.283287880815,21.2633111387993 81.2832898107068,21.2633337364496 81.2832916330382,21.2633526016333 81.2832938535142,21.2633940644673 81.2832908644796,21.2634355273013 81.2832898107068,21.2634455150337 81.2832858238452,21.2634769901353 81.2832740634345,21.2635184529693 81.283248375202,21.263529683568 81.2832069396973,21.2635346767657 81.2831655041925,21.2635373712041 81.2831240686877,21.2635366147461 81.2830826331829,21.2635295983933 81.2830429762986,21.2635184529693 81.2830411976781,21.2635178904072 81.2829997621734,21.2635060188719 81.2829583266686,21.2634951677069 81.2829168911638,21.2634812764901 81.2829077645941,21.2634769901353 81.282875455659,21.2634604113861 81.2828343827808,21.2634355273013 81.2828340201542,21.263435257733 81.2827925846494,21.263399772338 81.2827876254885,21.2633940644673 81.2827757313078,21.2633526016333 81.2827745908479,21.2633111387993 81.2827733264163,21.2632696759653 81.2827727895177,21.2632282131313 81.2827751309232,21.2631867502973 81.2827799593983,21.2631452874633 81.2827872223539,21.2631038246293 81.2827925846494,21.263095706468 81.2828340201542,21.2630757697768 81.282875455659,21.2630674975812 81.2829157046846,21.2630623617953 81.2829168911638,21.2630622103861 81.2829583266686,21.2630599490517 81.2829997621734,21.2630607013794</coordinates>
        </LineString>
        <Style>
          <LineStyle>
            <color>#ffff3400</color>
            <width>2</width>
          </LineStyle>
        </Style>
      </Placemark>
      <Placemark>
        <name xmlns:py="http://codespeak.net/lxml/objectify/pytype" py:pytype="str">289.0</name>
        <Style>
          <LineStyle>
            <color>ff0000ff</color>
          </LineStyle>
          <PolyStyle>
            <fill>0</fill>
          </PolyStyle>
        </Style>
        <ExtendedData>
          <SchemaData schemaUrl="#contour">
            <SimpleData name="ID">32</SimpleData>
          </SchemaData>
        </ExtendedData>
        <LineString>
          <coordinates>81.3009592560954,21.2634147958843 81.3009592560954,21.2633940644673 81.3009827712487,21.2633812946985 81.3010242067534,21.2633588452262 81.3010356565898,21.2633526016333 81.3010656422582,21.2633386299828 81.301107077763,21.2633193233467 81.3011299126331,21.2633111387993 81.3011485132678,21.2633041032447 81.3011899487726,21.263291023282 81.3012313842773,21.2632750983152 81.30124291096,21.2632696759653 81.3012728197821,21.2632495861255 81.3012970798057,21.2632282131313 81.3013123314266,21.2631867502973 81.3013142552869,21.2631701150071 81.3013190132011,21.2631452874633 81.3013316619328,21.2631038246293 81.3013556907917,21.263077313618 81.3013971262965,21.2630649388522 81.3014086647548,21.2630623617953 81.3014385618012,21.2630522852279 81.301479997306,21.2630310634497 81.3015214328108,21.2630209000596 81.3015628683156,21.2630209005748 81.3016043038204,21.2630209020072 81.3016181570701,21.2630623617953 81.3016382612722,21.2631038246293 81.3016457393252,21.263142690801 81.3016459245719,21.2631452874633 81.3016486782903,21.2631867502973 81.3016505278998,21.2632282131313 81.3016509640071,21.2632696759653 81.3016509640071,21.2633111387993 81.3016509640071,21.2633526016333 81.3016457393252,21.263369815882 81.3016383157505,21.2633940644673 81.3016383157505,21.2634147958843</coordinates>
        </LineString>
        <Style>
          <LineStyle>
            <color>#ff00fff6</color>
            <width>2</width>
          </LineStyle>
        </Style>
      </Placemark>
      <Placemark>
        <name xmlns:py="http://codespeak.net/lxml/objectify/pytype" py:pytype="str">293.0</name>
        <Style>
          <LineStyle>
            <color>ff0000ff</color>
          </LineStyle>
          <PolyStyle>
            <fill>0</fill>
          </PolyStyle>
        </Style>
        <ExtendedData>
          <SchemaData schemaUrl="#contour">
            <SimpleData name="ID">33</SimpleData>
          </SchemaData>
        </ExtendedData>
        <LineString>
          <coordinates>81.3044752981743,21.2633733330503 81.3044752981743,21.2633526016333 81.3045004978649,21.2633111387993 81.3045047891551,21.2633048327459 81.3045314387952,21.2632696759653 81.3045462246599,21.2632482953878 81.304555662782,21.2632282131313 81.304561410231,21.2631867502973 81.3045610150595,21.2631452874633 81.3045604876524,21.2631038246293 81.3045467685266,21.2630623617953 81.3045462246599,21.2630618140112 81.3045047891551,21.2630430715478 81.3044633536503,21.2630283473616 81.3044324236841,21.2630208989613 81.3044219181455,21.2630189024883 81.3044037930318,21.2630208989613 81.3043804826408,21.2630237534043 81.304339047136,21.2630508308875 81.3043223770863,21.2630623617953 81.3042976116312,21.2630810588513 81.3042616426693,21.2631038246293 81.3042561761264,21.2631067408693 81.3042147406216,21.2631319615456 81.3042011372806,21.2631452874633 81.3041733051168,21.2631780090345 81.3041670157324,21.2631867502973 81.3041528737292,21.2632282131313 81.3041663832464,21.2632696759653 81.3041733051168,21.2632825771972 81.3041887854808,21.2633111387993 81.3042112292055,21.2633526016333 81.3042112292055,21.2633733330503</coordinates>
        </LineString>
        <Style>
          <LineStyle>
            <color>#ff0082ff</color>
            <width>2</width>
          </LineStyle>
        </Style>
      </Placemark>
      <Placemark>
        <name xmlns:py="http://codespeak.net/lxml/objectify/pytype" py:pytype="str">281.0</name>
        <Style>
          <LineStyle>
            <color>ff0000ff</color>
          </LineStyle>
          <PolyStyle>
            <fill>0</fill>
          </PolyStyle>
        </Style>
        <ExtendedData>
          <SchemaData schemaUrl="#contour">
            <SimpleData name="ID">34</SimpleData>
          </SchemaData>
        </ExtendedData>
        <LineString>
          <coordinates>81.2818191982749,21.2635806472203 81.2818191982749,21.2635599158033 81.2818348048094,21.2635184529693 81.2818395680395,21.2635043715726 81.2818503604185,21.2634769901353 81.2818720723722,21.2634355273013 81.2818810035442,21.2634156825278 81.2818879490659,21.2633940644673 81.2818810035442,21.2633827737686 81.2818529016113,21.2633526016333 81.2818395680395,21.2633430588217 81.2818028249636,21.2633111387993 81.2817981325347,21.2633063254621 81.2817664066431,21.2632696759653 81.2817566970299,21.2632596634103 81.2817232186458,21.2632282131313 81.2817152615251,21.2632235618388 81.2816738260203,21.2632049230413 81.2816390697218,21.2631867502973 81.2816323905156,21.2631834793038 81.2815909550108,21.2631605188959 81.2815678244875,21.2631452874633 81.281549519506,21.2631316943649 81.2815175014318,21.2631038246293 81.2815080840012,21.2630932731196 81.2814831366265,21.2630623617953 81.2814666484964,21.2630345809261 81.2814587019973,21.2630208989613 81.2814363502653,21.2629794361273 81.281431791966,21.2629587047103</coordinates>
        </LineString>
        <Style>
          <LineStyle>
            <color>#ff16ff00</color>
            <width>2</width>
          </LineStyle>
        </Style>
      </Placemark>
      <Placemark>
        <name xmlns:py="http://codespeak.net/lxml/objectify/pytype" py:pytype="str">292.0</name>
        <Style>
          <LineStyle>
            <color>ff0000ff</color>
          </LineStyle>
          <PolyStyle>
            <fill>0</fill>
          </PolyStyle>
        </Style>
        <ExtendedData>
          <SchemaData schemaUrl="#contour">
            <SimpleData name="ID">35</SimpleData>
          </SchemaData>
        </ExtendedData>
        <LineString>
          <coordinates>81.3045368954211,21.2633733330503 81.3045368954211,21.2633526016333 81.3045462246599,21.263339463662 81.3045625210615,21.2633111387993 81.3045865511182,21.2632696759653 81.3045876601647,21.263267380215 81.3046019738484,21.2632282131313 81.3046094503625,21.2631867502973 81.3046147205176,21.2631452874633 81.3046215873203,21.2631038246293 81.3046218664556,21.2630623617953 81.3046014075671,21.2630208989613 81.3045876601647,21.2630048620652 81.3045462246599,21.2629800943036 81.3045429198479,21.2629794361273 81.3045047891551,21.2629726069547 81.3044633536503,21.2629664910448 81.3044219181455,21.2629626986792 81.3043804826408,21.2629678641178 81.3043559754936,21.2629794361273 81.304339047136,21.2629881592028 81.3042976116312,21.2630125318482 81.3042850910682,21.2630208989613 81.3042561761264,21.2630414162733 81.3042297520226,21.2630623617953 81.3042147406216,21.2630727246786 81.3041795731554,21.2631038246293 81.3041733051168,21.2631099384186 81.3041434711326,21.2631452874633 81.3041318696121,21.2631625754011 81.3041180403405,21.2631867502973 81.3041088192639,21.2632282131313 81.3041234175611,21.2632696759653 81.3041318696121,21.2632854301314 81.3041456626524,21.2633111387993 81.3041679093225,21.2633526016333 81.3041679093225,21.2633733330503</coordinates>
        </LineString>
        <Style>
          <LineStyle>
            <color>#ff00a4ff</color>
            <width>2</width>
          </LineStyle>
        </Style>
      </Placemark>
      <Placemark>
        <name xmlns:py="http://codespeak.net/lxml/objectify/pytype" py:pytype="str">269.0</name>
        <Style>
          <LineStyle>
            <color>ff0000ff</color>
          </LineStyle>
          <PolyStyle>
            <fill>0</fill>
          </PolyStyle>
        </Style>
        <ExtendedData>
          <SchemaData schemaUrl="#contour">
            <SimpleData name="ID">36</SimpleData>
          </SchemaData>
        </ExtendedData>
        <LineString>
          <coordinates>81.2829917008355,21.2635806472203 81.2829917008355,21.2635599158033 81.2829583266686,21.2635502033696 81.2829168911638,21.2635372455618 81.282875455659,21.2635217727819 81.2828671524787,21.2635184529693 81.2828340201542,21.2635031005034 81.2827925846494,21.2634789146193 81.2827902484816,21.2634769901353 81.2827511491447,21.2634406477429 81.282747313029,21.2634355273013 81.2827214799696,21.2633940644673 81.2827102456114,21.2633526016333 81.2827097136399,21.2633487757507 81.2827039449523,21.2633111387993 81.2826962095381,21.2632696759653 81.2826885293344,21.2632282131313 81.2826859103206,21.2631867502973 81.2826859103206,21.2631452874633 81.2826859103206,21.2631038246293 81.28269259111,21.2630623617953 81.2827097136399,21.2630336092944 81.282719479903,21.2630208989613 81.2827511491447,21.2629967708872 81.2827925846494,21.2629811600873 81.2827986333557,21.2629794361273 81.2828340201542,21.2629681245554 81.282875455659,21.2629512531548 81.2829003826283,21.2629379732933 81.2829168911638,21.262929240985 81.2829583266686,21.2629169729609 81.2829997621734,21.262914350328 81.2830411976781,21.262914350328 81.2830826331829,21.262914350328 81.2831240686877,21.2629352621772 81.2831263912634,21.2629379732933 81.283153053114,21.2629794361273 81.2831655041925,21.2629988014165 81.2831773605163,21.2630208989613 81.28320176463,21.2630623617953 81.2832069396973,21.2630691592129 81.2832361280936,21.2631038246293 81.283248375202,21.2631151760383 81.2832865140261,21.2631452874633 81.2832898107068,21.2631477425167 81.2833312462116,21.2631810703036 81.2833373081943,21.2631867502973 81.2833694781264,21.2632282131313 81.2833726817164,21.2632363992011 81.2833869104665,21.2632696759653 81.2834044431039,21.2633111387993 81.2834141172212,21.2633291018278 81.2834299977693,21.2633526016333 81.283455552726,21.2633939195684 81.283455662795,21.2633940644673 81.2834634487351,21.2634355273013 81.2834693586457,21.2634769901353 81.2834807331626,21.2635184529693 81.283496513001,21.2635599158033 81.283496513001,21.2635806472203</coordinates>
        </LineString>
        <Style>
          <LineStyle>
            <color>#ffff5600</color>
            <width>2</width>
          </LineStyle>
        </Style>
      </Placemark>
      <Placemark>
        <name xmlns:py="http://codespeak.net/lxml/objectify/pytype" py:pytype="str">281.0</name>
        <Style>
          <LineStyle>
            <color>ff0000ff</color>
          </LineStyle>
          <PolyStyle>
            <fill>0</fill>
          </PolyStyle>
        </Style>
        <ExtendedData>
          <SchemaData schemaUrl="#contour">
            <SimpleData name="ID">37</SimpleData>
          </SchemaData>
        </ExtendedData>
        <LineString>
          <coordinates>81.2982480279331,21.2629205516634 81.2982738839008,21.2629379732933 81.2982894634378,21.2629522895306 81.2983185941712,21.2629794361273 81.2983308989426,21.2629909028029 81.2983630834374,21.2630208989613 81.2983723344474,21.2630349644304 81.2983876647365,21.2630623617953 81.2983723344474,21.2631003022208 81.2983706612922,21.2631038246293 81.2983308989426,21.2631408787074 81.2983261679521,21.2631452874633 81.2982894634378,21.2631794919797 81.2982815646285,21.2631867502973 81.2982480279331,21.2632175675988 81.2982065924283,21.2632259061105 81.2981651569235,21.2632260573768 81.2981237214187,21.2632260573768 81.2980822859139,21.2632260573768 81.2980408504092,21.2631941864754 81.2980350345933,21.2631867502973 81.2980104144892,21.2631452874633 81.2979994149044,21.2631206253437 81.2979932486588,21.2631038246293 81.2979872984757,21.2630623617953 81.2979957476135,21.2630208989613 81.2979994149044,21.2630111573025 81.2980139901327,21.2629794361273 81.2980402845977,21.2629379732933 81.2980408504092,21.2629372448528 81.2980822859139,21.2629067019642 81.2981237214187,21.2629091624322 81.2981651569235,21.2629112613484 81.2982065924283,21.2629131839242 81.2982480279331,21.2629205516634</coordinates>
        </LineString>
        <Style>
          <LineStyle>
            <color>#ff16ff00</color>
            <width>2</width>
          </LineStyle>
        </Style>
      </Placemark>
      <Placemark>
        <name xmlns:py="http://codespeak.net/lxml/objectify/pytype" py:pytype="str">283.0</name>
        <Style>
          <LineStyle>
            <color>ff0000ff</color>
          </LineStyle>
          <PolyStyle>
            <fill>0</fill>
          </PolyStyle>
        </Style>
        <ExtendedData>
          <SchemaData schemaUrl="#contour">
            <SimpleData name="ID">38</SimpleData>
          </SchemaData>
        </ExtendedData>
        <LineString>
          <coordinates>81.3126468658447,21.263021325121 81.3126261480923,21.263021325121 81.312584792149,21.2630208989613 81.3125847549308,21.2629794361273 81.3125847408356,21.2629379732933 81.3126261480923,21.2629373285845 81.3126468658447,21.2629373285845</coordinates>
        </LineString>
        <Style>
          <LineStyle>
            <color>#ff00ff2c</color>
            <width>2</width>
          </LineStyle>
        </Style>
      </Placemark>
      <Placemark>
        <name xmlns:py="http://codespeak.net/lxml/objectify/pytype" py:pytype="str">286.0</name>
        <Style>
          <LineStyle>
            <color>ff0000ff</color>
          </LineStyle>
          <PolyStyle>
            <fill>0</fill>
          </PolyStyle>
        </Style>
        <ExtendedData>
          <SchemaData schemaUrl="#contour">
            <SimpleData name="ID">39</SimpleData>
          </SchemaData>
        </ExtendedData>
        <LineString>
          <coordinates>81.3074709287241,21.2633318702163 81.3074709287241,21.2633111387993 81.3074881454994,21.2633059015005 81.3075295810042,21.263285453613 81.3075480716612,21.2632696759653 81.307571016509,21.2632410432252 81.3075790002663,21.2632282131313 81.3076013228268,21.2631867502973 81.3076124520137,21.2631660066609 81.3076243690437,21.2631452874633 81.3076477761772,21.2631038246293 81.3076538875185,21.2630925995743 81.3076773115372,21.2630623617953 81.3076953230233,21.2630393235186 81.3077144462955,21.2630208989613 81.3077367585281,21.2630001064474 81.3077589368283,21.2629794361273 81.3077781940329,21.2629614904029 81.3078039913739,21.2629379732933 81.3078196295376,21.2629271936956 81.3078610650424,21.2629332664003 81.3078663059493,21.2629379732933 81.3078920552029,21.2629794361273 81.3079025005472,21.2630018765859 81.3079099205566,21.2630208989613 81.307920746751,21.2630623617953 81.3079239604672,21.2631038246293 81.3079239604672,21.2631452874633 81.3079239604672,21.2631867502973 81.3079213420324,21.2632282131313 81.3079136626518,21.2632696759653 81.3079059257055,21.2633111387993 81.3079059257055,21.2633318702163</coordinates>
        </LineString>
        <Style>
          <LineStyle>
            <color>#ff00ff91</color>
            <width>2</width>
          </LineStyle>
        </Style>
      </Placemark>
      <Placemark>
        <name xmlns:py="http://codespeak.net/lxml/objectify/pytype" py:pytype="str">288.0</name>
        <Style>
          <LineStyle>
            <color>ff0000ff</color>
          </LineStyle>
          <PolyStyle>
            <fill>0</fill>
          </PolyStyle>
        </Style>
        <ExtendedData>
          <SchemaData schemaUrl="#contour">
            <SimpleData name="ID">40</SimpleData>
          </SchemaData>
        </ExtendedData>
        <LineString>
          <coordinates>81.3074467108312,21.2629379732933 81.3074467099946,21.2629379717099 81.3074052744898,21.2629379724463 81.3073638389851,21.2629379727154 81.3073638386474,21.2629379732933 81.3073638386474,21.2629794361273 81.3073638386474,21.2630208989613 81.3073638389851,21.2630208997887 81.3074052744898,21.2630208997887 81.3074467099946,21.2630208997887 81.3074467105791,21.2630208989613 81.3074467106828,21.2629794361273 81.3074467108312,21.2629379732933</coordinates>
        </LineString>
        <Style>
          <LineStyle>
            <color>#ff00ffd4</color>
            <width>2</width>
          </LineStyle>
        </Style>
      </Placemark>
      <Placemark>
        <name xmlns:py="http://codespeak.net/lxml/objectify/pytype" py:pytype="str">289.0</name>
        <Style>
          <LineStyle>
            <color>ff0000ff</color>
          </LineStyle>
          <PolyStyle>
            <fill>0</fill>
          </PolyStyle>
        </Style>
        <ExtendedData>
          <SchemaData schemaUrl="#contour">
            <SimpleData name="ID">41</SimpleData>
          </SchemaData>
        </ExtendedData>
        <LineString>
          <coordinates>81.3095163768769,21.2633318702163 81.3095163768769,21.2633111387993 81.3094941316148,21.2632696759653 81.3094770497289,21.263234749171 81.3094739301019,21.2632282131313 81.3094613350685,21.2631867502973 81.3094534228623,21.2631452874633 81.3094469933286,21.2631038246293 81.3094359021732,21.2630623617953 81.3094356142241,21.2630618224303 81.3094089470834,21.2630208989613 81.3093941787194,21.2630035830052 81.3093556210851,21.2629794361273 81.3093527432146,21.2629775737496 81.3093113077098,21.2629640309391 81.309269872205,21.2629455844201 81.3092551109399,21.2629379732933 81.3092284367002,21.2629209575422 81.3091870011955,21.2629074112469 81.3091455656907,21.2629097655676 81.3091041301859,21.2629117805981 81.3090626946811,21.2629137248733 81.3090212591763,21.2629256440442 81.3089979198046,21.2629379732933 81.3089798236715,21.2629478110768 81.3089383881668,21.2629656304815 81.308896952662,21.2629787768478 81.3088955413167,21.2629794361273 81.3088555171572,21.2629977256476 81.3088262641241,21.2630208989613 81.3088140816524,21.2630321656068 81.3087863015695,21.2630623617953 81.3087726461476,21.2630780067591 81.3087486474647,21.2631038246293 81.3087312106428,21.2631197157789 81.3086897751381,21.2631446561589 81.3086876939027,21.2631452874633 81.3086483396333,21.2631559649184 81.3086069041285,21.2631626542574 81.3085654686237,21.2631681781269 81.3085240331189,21.2631703724779 81.3084825976142,21.2631678234279 81.3084411621094,21.2631622274862 81.3083997266046,21.2631554436058 81.3083582910998,21.2631509585837 81.308316855595,21.2631555635469 81.3082754200903,21.2631695558442 81.3082376472005,21.2631867502973 81.3082339845855,21.2631893596732 81.3081958847019,21.2632282131313 81.3081925490807,21.2632428208067 81.3081879406761,21.2632696759653 81.3081862234867,21.2633111387993 81.3081862234867,21.2633318702163</coordinates>
        </LineString>
        <Style>
          <LineStyle>
            <color>#ff00fff6</color>
            <width>2</width>
          </LineStyle>
        </Style>
      </Placemark>
      <Placemark>
        <name xmlns:py="http://codespeak.net/lxml/objectify/pytype" py:pytype="str">291.0</name>
        <Style>
          <LineStyle>
            <color>ff0000ff</color>
          </LineStyle>
          <PolyStyle>
            <fill>0</fill>
          </PolyStyle>
        </Style>
        <ExtendedData>
          <SchemaData schemaUrl="#contour">
            <SimpleData name="ID">42</SimpleData>
          </SchemaData>
        </ExtendedData>
        <LineString>
          <coordinates>81.3045882808438,21.2633733330503 81.3045882808438,21.2633526016333 81.304607687038,21.2633111387993 81.3046253280573,21.2632696759653 81.3046290956695,21.2632590754242 81.3046392109062,21.2632282131313 81.3046488643041,21.2631867502973 81.3046587521534,21.2631452874633 81.3046705311742,21.2631068279389 81.3046715880869,21.2631038246293 81.3046805329702,21.2630623617953 81.3046740095883,21.2630208989613 81.3046705311742,21.2630117171752 81.3046550051497,21.2629794361273 81.3046290956695,21.2629449068167 81.3046212438206,21.2629379732933 81.3045876601647,21.2629157177484 81.3045462246599,21.2629048645458 81.3045047891551,21.2629036619946 81.3044633536503,21.2629026129588 81.3044219181455,21.2629025811073 81.3043804826408,21.2629085642184 81.304339047136,21.2629258325391 81.3043143648485,21.2629379732933 81.3042976116312,21.2629457888216 81.3042561761264,21.2629682202327 81.3042403970838,21.2629794361273 81.3042147406216,21.2629991071169 81.3041912857198,21.2630208989613 81.3041733051168,21.2630370752565 81.3041465838113,21.2630623617953 81.3041318696121,21.2630774662233 81.3041100694862,21.2631038246293 81.3040904341073,21.2631364239421 81.3040857883418,21.2631452874633 81.3040675931368,21.2631867502973 81.3040628849868,21.2632282131313 81.3040798758686,21.2632696759653 81.3040904341073,21.2632882812085 81.3041026974538,21.2633111387993 81.3041249427159,21.2633526016333 81.3041249427159,21.2633733330503</coordinates>
        </LineString>
        <Style>
          <LineStyle>
            <color>#ff00c6ff</color>
            <width>2</width>
          </LineStyle>
        </Style>
      </Placemark>
      <Placemark>
        <name xmlns:py="http://codespeak.net/lxml/objectify/pytype" py:pytype="str">291.0</name>
        <Style>
          <LineStyle>
            <color>ff0000ff</color>
          </LineStyle>
          <PolyStyle>
            <fill>0</fill>
          </PolyStyle>
        </Style>
        <ExtendedData>
          <SchemaData schemaUrl="#contour">
            <SimpleData name="ID">43</SimpleData>
          </SchemaData>
        </ExtendedData>
        <LineString>
          <coordinates>81.3066184236311,21.2633733330503 81.3066184236311,21.2633526016333 81.306617999899,21.2633514267714 81.3066022994292,21.2633111387993 81.30658913027,21.2632696759653 81.3065765643942,21.2632291909116 81.306576277417,21.2632282131313 81.3065572879926,21.2631867502973 81.3065351288894,21.2631507717362 81.3065314008078,21.2631452874633 81.3064995223041,21.2631038246293 81.3064936933846,21.2630961972351 81.306459157012,21.2630623617953 81.3064522578799,21.2630533063157 81.3064144960581,21.2630208989613 81.3064108223751,21.2630171496105 81.3063703571954,21.2629794361273 81.3063693868703,21.2629785318925 81.3063279513655,21.2629399186202 81.3063228456903,21.2629379732933 81.3062865158607,21.2629297733809 81.3062632330533,21.2629379732933 81.3062450803559,21.2629487654585 81.3062121721427,21.2629794361273 81.3062036448512,21.2629873836186 81.306167679882,21.2630208989613 81.3061622093464,21.263025170567 81.3061240126335,21.2630623617953 81.3061207738416,21.2630646013002 81.3060836467924,21.2631038246293 81.3060793383368,21.2631081540485 81.3060511297462,21.2631452874633 81.306037902832,21.2631654487023 81.3060252410313,21.2631867502973 81.3060062517951,21.2632282131313 81.3059964673272,21.2632601673927 81.3059931302536,21.2632696759653 81.3059796857071,21.2633111387993 81.3059647953212,21.2633526016333 81.3059647953212,21.2633733330503</coordinates>
        </LineString>
        <Style>
          <LineStyle>
            <color>#ff00c6ff</color>
            <width>2</width>
          </LineStyle>
        </Style>
      </Placemark>
      <Placemark>
        <name xmlns:py="http://codespeak.net/lxml/objectify/pytype" py:pytype="str">280.0</name>
        <Style>
          <LineStyle>
            <color>ff0000ff</color>
          </LineStyle>
          <PolyStyle>
            <fill>0</fill>
          </PolyStyle>
        </Style>
        <ExtendedData>
          <SchemaData schemaUrl="#contour">
            <SimpleData name="ID">44</SimpleData>
          </SchemaData>
        </ExtendedData>
        <LineString>
          <coordinates>81.2819015764796,21.2635806472203 81.2819015764796,21.2635599158033 81.2819193250134,21.2635184529693 81.281922439049,21.2635115754644 81.281935286844,21.2634769901353 81.2819510901823,21.2634355273013 81.2819628221493,21.2633940644673 81.2819468103363,21.2633526016333 81.281922439049,21.2633216018967 81.2819112926559,21.2633111387993 81.2818810035442,21.2632818761399 81.2818672382615,21.2632696759653 81.2818395680395,21.2632469154841 81.2818197954834,21.2632282131313 81.2817981325347,21.2632141336481 81.2817590967129,21.2631867502973 81.2817566970299,21.2631852001815 81.2817152615251,21.26316159908 81.2816820754653,21.2631452874633 81.2816738260203,21.2631408585213 81.2816323905156,21.263115899481 81.2816149745155,21.2631038246293 81.2815909550108,21.2630825342577 81.2815708124956,21.2630623617953 81.281549519506,21.2630286242298 81.2815446629428,21.2630208989613 81.2815224176807,21.2629794361273 81.2815080840012,21.2629527196531 81.2815001719178,21.2629379732933 81.2814742714673,21.2628965104593 81.2814666484964,21.2628854701456 81.281445930744,21.2628854701456</coordinates>
        </LineString>
        <Style>
          <LineStyle>
            <color>#ff37ff00</color>
            <width>2</width>
          </LineStyle>
        </Style>
      </Placemark>
      <Placemark>
        <name xmlns:py="http://codespeak.net/lxml/objectify/pytype" py:pytype="str">286.0</name>
        <Style>
          <LineStyle>
            <color>ff0000ff</color>
          </LineStyle>
          <PolyStyle>
            <fill>0</fill>
          </PolyStyle>
        </Style>
        <ExtendedData>
          <SchemaData schemaUrl="#contour">
            <SimpleData name="ID">45</SimpleData>
          </SchemaData>
        </ExtendedData>
        <LineString>
          <coordinates>81.3108402621012,21.2633318702163 81.3108402621012,21.2633111387993 81.3108444213867,21.2633072628088 81.3108847554414,21.2632696759653 81.3108858568915,21.2632684822177 81.3109161864137,21.2632282131313 81.3109272923963,21.2631893145449 81.3109278545122,21.2631867502973 81.3109316291584,21.2631452874633 81.3109359260406,21.2631038246293 81.3109398659,21.2630623617953 81.3109428224499,21.2630208989613 81.3109465950295,21.2629794361273 81.3109541678259,21.2629379732933 81.3109687279011,21.2629215012822 81.3110101634058,21.2629077793831 81.3110515989106,21.262897287446 81.3110556867183,21.2628965104593 81.3110930344154,21.262877813814 81.3111344699202,21.2628550487472 81.311175905425,21.2628550487472 81.3112173409298,21.2628550487472 81.3112587764345,21.2628792211806 81.3112636088195,21.2628965104593 81.3113002119393,21.2629306881733 81.3113040891499,21.2629379732933 81.311329453136,21.2629794361273 81.3113416474441,21.2630064701818 81.3113471758393,21.2630208989613 81.3113647953495,21.2630623617953 81.3113830829489,21.2630874085912 81.3113958789007,21.2631038246293 81.3114245184537,21.2631290038299 81.311446230756,21.2631452874633 81.3114659539584,21.263159910123 81.3114969968643,21.2631867502973 81.3115073894632,21.2631981104716 81.3115320921227,21.2632282131313 81.311548824968,21.2632564308933 81.3115564852914,21.2632696759653 81.3115564852914,21.2632904073823</coordinates>
        </LineString>
        <Style>
          <LineStyle>
            <color>#ff00ff91</color>
            <width>2</width>
          </LineStyle>
        </Style>
      </Placemark>
      <Placemark>
        <name xmlns:py="http://codespeak.net/lxml/objectify/pytype" py:pytype="str">290.0</name>
        <Style>
          <LineStyle>
            <color>ff0000ff</color>
          </LineStyle>
          <PolyStyle>
            <fill>0</fill>
          </PolyStyle>
        </Style>
        <ExtendedData>
          <SchemaData schemaUrl="#contour">
            <SimpleData name="ID">46</SimpleData>
          </SchemaData>
        </ExtendedData>
        <LineString>
          <coordinates>81.3066802144668,21.2633733330503 81.3066802144668,21.2633526016333 81.306665378268,21.2633111387993 81.3066594354038,21.2632945174365 81.3066502190373,21.2632696759653 81.3066353792289,21.2632282131313 81.306619559611,21.2631867502973 81.306617999899,21.2631829248705 81.3066002139633,21.2631452874633 81.3065765643942,21.2631041492987 81.3065763557043,21.2631038246293 81.3065493116664,21.2630623617953 81.3065351288894,21.2630380034238 81.3065249194957,21.2630208989613 81.3065026728257,21.2629794361273 81.3064936933846,21.2629626984778 81.3064775432125,21.2629379732933 81.3064522578799,21.262910090805 81.3064320407082,21.2628965104593 81.3064108223751,21.2628871693222 81.3063693868703,21.2628729597714 81.3063279513655,21.2628610715621 81.3062865158607,21.2628567515774 81.3062450803559,21.2628636203757 81.3062036448512,21.262875989361 81.3061622093464,21.2628908266096 81.3061511365803,21.2628965104593 81.3061207738416,21.2629201039696 81.306105627364,21.2629379732933 81.3060799349887,21.2629794361273 81.3060793383368,21.2629803990153 81.3060576096745,21.2630208989613 81.306037902832,21.2630542387 81.3060332184402,21.2630623617953 81.3060061749267,21.2631038246293 81.3059964673272,21.2631195757885 81.3059805895125,21.2631452874633 81.3059586045143,21.2631867502973 81.3059550318225,21.2631947048207 81.3059340540146,21.2632282131313 81.3059164548582,21.2632696759653 81.3059135963177,21.263278336947 81.3059032717719,21.2633111387993 81.3058949113118,21.2633526016333 81.3058949113118,21.2633733330503</coordinates>
        </LineString>
        <Style>
          <LineStyle>
            <color>#ff00e7ff</color>
            <width>2</width>
          </LineStyle>
        </Style>
      </Placemark>
      <Placemark>
        <name xmlns:py="http://codespeak.net/lxml/objectify/pytype" py:pytype="str">270.0</name>
        <Style>
          <LineStyle>
            <color>ff0000ff</color>
          </LineStyle>
          <PolyStyle>
            <fill>0</fill>
          </PolyStyle>
        </Style>
        <ExtendedData>
          <SchemaData schemaUrl="#contour">
            <SimpleData name="ID">47</SimpleData>
          </SchemaData>
        </ExtendedData>
        <LineString>
          <coordinates>81.282816792436,21.2635806472203 81.282816792436,21.2635599158033 81.2827925846494,21.2635500160716 81.2827511491447,21.263524619581 81.282744276997,21.2635184529693 81.2827106405122,21.2634769901353 81.2827097136399,21.2634757073798 81.282683473816,21.2634355273013 81.2826682781351,21.2634065686601 81.2826621709722,21.2633940644673 81.2826486121361,21.2633526016333 81.282636006491,21.2633111387993 81.2826268426303,21.2632855031137 81.2826202670588,21.2632696759653 81.2826049733205,21.2632282131313 81.2825999794374,21.2631867502973 81.2825999794374,21.2631452874633 81.2825999794374,21.2631038246293 81.2826003572475,21.2630623617953 81.2826017760763,21.2630208989613 81.2826047559465,21.2629794361273 81.2826114187366,21.2629379732933 81.2826268426303,21.2629204486591 81.2826682781351,21.262908503098 81.2827097136399,21.2629029533057 81.2827511491447,21.2628996963564 81.2827609332311,21.2628965104593 81.2827925846494,21.2628841420595 81.2828340201542,21.2628629481317 81.2828514000465,21.2628550476253 81.282875455659,21.2628454877235 81.2829168911638,21.2628324223775 81.2829583266686,21.2628267335978 81.2829997621734,21.2628256453292 81.2830411976781,21.2628256453292 81.2830826331829,21.2628256453292 81.2831240686877,21.2628368846119 81.2831505772554,21.2628550476253 81.2831655041925,21.2628671989529 81.2831920488988,21.2628965104593 81.2832069396973,21.2629190931566 81.2832188005155,21.2629379732933 81.2832410457776,21.2629794361273 81.283248375202,21.2629930974053 81.2832657075414,21.2630208989613 81.2832898107068,21.2630539405709 81.2832982749867,21.2630623617953 81.2833312462116,21.2630873278769 81.2833532510048,21.2631038246293 81.2833726817164,21.2631187158901 81.2834013503029,21.2631452874633 81.2834141172212,21.263159379331 81.2834371181544,21.2631867502973 81.283455552726,21.263213529165 81.2834686230141,21.2632282131313 81.2834969882307,21.2632611810454 81.2835061040418,21.2632696759653 81.2835384237355,21.2632997943177 81.2835505958411,21.2633111387993 81.2835798592403,21.2633384124777 81.2835950854771,21.2633526016333 81.2836212947451,21.2633776154908 81.2836389774813,21.2633940644673 81.2836627302499,21.2634156390222 81.2836840721573,21.2634355273013 81.2837041657546,21.2634542545021 81.2837285602525,21.2634769901353 81.2837456012594,21.2634928704545 81.283772518652,21.2635184529693 81.283772518652,21.2635391843863</coordinates>
        </LineString>
        <Style>
          <LineStyle>
            <color>#ffff7700</color>
            <width>2</width>
          </LineStyle>
        </Style>
      </Placemark>
      <Placemark>
        <name xmlns:py="http://codespeak.net/lxml/objectify/pytype" py:pytype="str">290.0</name>
        <Style>
          <LineStyle>
            <color>ff0000ff</color>
          </LineStyle>
          <PolyStyle>
            <fill>0</fill>
          </PolyStyle>
        </Style>
        <ExtendedData>
          <SchemaData schemaUrl="#contour">
            <SimpleData name="ID">48</SimpleData>
          </SchemaData>
        </ExtendedData>
        <LineString>
          <coordinates>81.3046305956649,21.2633733330503 81.3046305956649,21.2633526016333 81.3046471510102,21.2633111387993 81.3046618923984,21.2632696759653 81.3046705311742,21.2632419926001 81.3046747328281,21.2632282131313 81.3046869778966,21.2631867502973 81.304701809501,21.2631452874633 81.304711966679,21.2631219862851 81.3047215552839,21.2631038246293 81.3047390188247,21.2630623617953 81.3047444985625,21.2630208989613 81.3047444989577,21.2629794361273 81.3047444988414,21.2629379732933 81.304742079149,21.2628965104593 81.3047317007607,21.2628550476253 81.304711966679,21.262825645298 81.3046705311742,21.2628256454678 81.3046290956695,21.2628256465743 81.3045876601647,21.2628256459548 81.3045462246599,21.2628256453292 81.3045047891551,21.2628256453292 81.3044633536503,21.2628256453292 81.3044219181455,21.2628261958907 81.3043804826408,21.2628306696399 81.304339047136,21.262843173866 81.3043084615949,21.2628550476253 81.3042976116312,21.2628595285522 81.3042561761264,21.2628808243568 81.3042390194944,21.2628965104593 81.3042147406216,21.2629144932029 81.3041944075071,21.2629379732933 81.3041733051168,21.2629575476023 81.3041498168682,21.2629794361273 81.3041318696121,21.2629961620283 81.304105326344,21.2630208989613 81.3040904341073,21.2630356507114 81.3040642973575,21.2630623617953 81.3040489986025,21.2630860284428 81.304038503494,21.2631038246293 81.3040225948146,21.2631452874633 81.3040098984828,21.2631867502973 81.3040099329628,21.2632282131313 81.304032549678,21.2632696759653 81.3040489986025,21.2632944513 81.3040586134335,21.2633111387993 81.3040818427312,21.2633526016333 81.3040818427312,21.2633733330503</coordinates>
        </LineString>
        <Style>
          <LineStyle>
            <color>#ff00e7ff</color>
            <width>2</width>
          </LineStyle>
        </Style>
      </Placemark>
      <Placemark>
        <name xmlns:py="http://codespeak.net/lxml/objectify/pytype" py:pytype="str">289.0</name>
        <Style>
          <LineStyle>
            <color>ff0000ff</color>
          </LineStyle>
          <PolyStyle>
            <fill>0</fill>
          </PolyStyle>
        </Style>
        <ExtendedData>
          <SchemaData schemaUrl="#contour">
            <SimpleData name="ID">49</SimpleData>
          </SchemaData>
        </ExtendedData>
        <LineString>
          <coordinates>81.3067375424055,21.2633733330503 81.3067375424055,21.2633526016333 81.3067227110911,21.2633111387993 81.3067078814302,21.2632696759653 81.3067008709085,21.2632500760638 81.3066930486323,21.2632282131313 81.3066782061108,21.2631867502973 81.306663342465,21.2631452874633 81.3066594354038,21.2631343972485 81.3066471942499,21.2631038246293 81.3066299525271,21.2630623617953 81.306617999899,21.2630342811967 81.3066107212536,21.2630208989613 81.3065885754058,21.2629794361273 81.3065765643942,21.2629569964396 81.306566358269,21.2629379732933 81.3065396071388,21.2628965104593 81.3065351288894,21.2628912019898 81.3065006065715,21.2628550476253 81.3064936933846,21.2628490952394 81.3064522578799,21.262824970369 81.3064108223751,21.262815069546 81.3064021771133,21.2628135847913 81.3063693868703,21.2628084864297 81.3063279513655,21.2628030410442 81.3062865158607,21.2628010785136 81.3062450803559,21.2628042055901 81.3062036448512,21.2628098828928 81.3061803520458,21.2628135847913 81.3061622093464,21.2628167772492 81.3061207738416,21.2628298495945 81.3060824139466,21.2628550476253 81.3060793383368,21.2628574952891 81.3060429233157,21.2628965104593 81.306037902832,21.2629039902545 81.306016170172,21.2629379732933 81.3059964673272,21.262974695004 81.3059936781226,21.2629794361273 81.3059692855211,21.2630208989613 81.3059550318225,21.2630447314368 81.3059410406626,21.2630623617953 81.3059135963177,21.2630975235691 81.3059068355119,21.2631038246293 81.3058721608129,21.2631361375841 81.3058623421718,21.2631452874633 81.3058307253081,21.2631747508564 81.3058178488316,21.2631867502973 81.3057923115357,21.2632282131313 81.3058049003065,21.2632696759653 81.3058192432782,21.2633111387993 81.3058281151803,21.2633526016333 81.3058281151803,21.2633733330503</coordinates>
        </LineString>
        <Style>
          <LineStyle>
            <color>#ff00fff6</color>
            <width>2</width>
          </LineStyle>
        </Style>
      </Placemark>
      <Placemark>
        <name xmlns:py="http://codespeak.net/lxml/objectify/pytype" py:pytype="str">271.0</name>
        <Style>
          <LineStyle>
            <color>ff0000ff</color>
          </LineStyle>
          <PolyStyle>
            <fill>0</fill>
          </PolyStyle>
        </Style>
        <ExtendedData>
          <SchemaData schemaUrl="#contour">
            <SimpleData name="ID">50</SimpleData>
          </SchemaData>
        </ExtendedData>
        <LineString>
          <coordinates>81.2827080456409,21.2635806472203 81.2827080456409,21.2635599158033 81.2826682781351,21.263521631753 81.2826652350267,21.2635184529693 81.282639977612,21.2634769901353 81.2826268426303,21.2634512943228 81.282618830951,21.2634355273013 81.2825998137252,21.2633940644673 81.2825854071255,21.2633594134196 81.2825817731649,21.2633526016333 81.2825596501318,21.2633111387993 81.2825439716208,21.2632818269267 81.282537452085,21.2632696759653 81.2825194527948,21.2632282131313 81.2825140488923,21.2631867502973 81.2825140488923,21.2631452874633 81.2825140488923,21.2631038246293 81.2825108335547,21.2630623617953 81.282502536116,21.2630297601857 81.2825000068447,21.2630208989613 81.2824822817114,21.2629794361273 81.2824611006112,21.2629437678075 81.2824566905219,21.2629379732933 81.282434532312,21.2628965104593 81.2824281133454,21.2628550476253 81.2824281127622,21.2628135847913 81.2824281168098,21.2627721219573 81.2824611006112,21.2627629549145 81.282502536116,21.2627554175062 81.2825439716208,21.2627503097556 81.2825854071255,21.2627466986663 81.2826268426303,21.2627473438262 81.2826682781351,21.2627495910533 81.2827097136399,21.2627514911506 81.2827511491447,21.2627530956915 81.2827925846494,21.2627514408512 81.2828340201542,21.2627477862204 81.282875455659,21.2627439352567 81.2829168911638,21.2627402036989 81.2829583266686,21.262738253535 81.2829997621734,21.2627378523637 81.2830411976781,21.2627378523637 81.2830826331829,21.2627378523637 81.2831240686877,21.2627478487265 81.283164248081,21.2627721219573 81.2831655041925,21.2627727881303 81.2832069396973,21.262803555286 81.2832180311308,21.2628135847913 81.283248375202,21.2628464133516 81.2832559913253,21.2628550476253 81.2832874121432,21.2628965104593 81.2832898107068,21.2629001351012 81.2833237011622,21.2629379732933 81.2833312462116,21.2629465610806 81.2833665240857,21.2629794361273 81.2833726817164,21.2629851743528 81.2834110174258,21.2630208989613 81.2834141172212,21.2630236479556 81.283455552726,21.2630618696262 81.2834560803032,21.2630623617953 81.2834969882307,21.2631010190574 81.2834999988611,21.2631038246293 81.2835384237355,21.2631396365513 81.2835444877238,21.2631452874633 81.2835798592403,21.2631782494876 81.2835889802964,21.2631867502973 81.2836212947451,21.2632168637619 81.2836334736365,21.2632282131313 81.2836627302499,21.2632554802485 81.2836779636599,21.2632696759653 81.2837041657546,21.2632940931848 81.2837224550718,21.2633111387993 81.2837456012594,21.2633327084665 81.2837667662324,21.2633526016333 81.2837870367642,21.2633717059036 81.2838016245689,21.2633940644673 81.2838250217409,21.2634355273013 81.283828472269,21.2634423285399 81.2838408442311,21.2634769901353 81.2838531605432,21.2635184529693 81.2838531605432,21.2635391843863</coordinates>
        </LineString>
        <Style>
          <LineStyle>
            <color>#ffff9900</color>
            <width>2</width>
          </LineStyle>
        </Style>
      </Placemark>
      <Placemark>
        <name xmlns:py="http://codespeak.net/lxml/objectify/pytype" py:pytype="str">271.0</name>
        <Style>
          <LineStyle>
            <color>ff0000ff</color>
          </LineStyle>
          <PolyStyle>
            <fill>0</fill>
          </PolyStyle>
        </Style>
        <ExtendedData>
          <SchemaData schemaUrl="#contour">
            <SimpleData name="ID">51</SimpleData>
          </SchemaData>
        </ExtendedData>
        <LineString>
          <coordinates>81.2848229243838,21.2627562518797 81.2848553466202,21.2627721219573 81.2848643598885,21.2627796568818 81.2848854292261,21.2628135847913 81.2849039790851,21.2628550476253 81.2849057953933,21.2628607460771 81.2849158666376,21.2628965104593 81.2849201273575,21.2629379732933 81.2849201273575,21.2629794361273 81.2849201273575,21.2630208989613 81.2849135068891,21.2630623617953 81.2849057953933,21.2630746294883 81.2848854985702,21.2631038246293 81.2848643598885,21.2631228615808 81.2848256956805,21.2631452874633 81.2848229243838,21.2631468397971 81.284781488879,21.2631604766469 81.2847400533742,21.2631761784358 81.2847182236324,21.2631867502973 81.2846986178694,21.2631991882657 81.2846571823646,21.2632069863037 81.2846335681383,21.2631867502973 81.2846157468598,21.2631664916492 81.284604722031,21.2631452874633 81.2845879466999,21.2631038246293 81.2845786098448,21.2630623617953 81.2845764039779,21.2630208989613 81.2845764039779,21.2629794361273 81.2845764039779,21.2629379732933 81.2845806640284,21.2628965104593 81.2845925540673,21.2628550476253 81.2846111011947,21.2628135847913 81.2846157468598,21.2628051232621 81.2846426881484,21.2627721219573 81.2846571823646,21.2627584473298 81.2846986178694,21.2627478664896 81.2847400533742,21.2627500544706 81.284781488879,21.2627518785575 81.2848229243838,21.2627562518797</coordinates>
        </LineString>
        <Style>
          <LineStyle>
            <color>#ffff9900</color>
            <width>2</width>
          </LineStyle>
        </Style>
      </Placemark>
      <Placemark>
        <name xmlns:py="http://codespeak.net/lxml/objectify/pytype" py:pytype="str">273.0</name>
        <Style>
          <LineStyle>
            <color>ff0000ff</color>
          </LineStyle>
          <PolyStyle>
            <fill>0</fill>
          </PolyStyle>
        </Style>
        <ExtendedData>
          <SchemaData schemaUrl="#contour">
            <SimpleData name="ID">52</SimpleData>
          </SchemaData>
        </ExtendedData>
        <LineString>
          <coordinates>81.2862317315463,21.262768638277 81.286237009615,21.2627721219573 81.2862731670511,21.2628052707184 81.2862820887972,21.2628135847913 81.2863146025559,21.2628438839907 81.2863265806211,21.2628550476253 81.2863560380607,21.2628878638489 81.2863614453922,21.2628965104593 81.2863717011931,21.2629379732933 81.2863693283032,21.2629794361273 81.2863653318105,21.2630208989613 81.2863560380607,21.2630419137234 81.2863146025559,21.2630553044976 81.2862731670511,21.2630612506221 81.2862613389627,21.2630623617953 81.2862317315463,21.263064380661 81.2861902960416,21.2630636154204 81.2861785755886,21.2630623617953 81.2861488605368,21.2630581165389 81.286107425032,21.2630497243345 81.2860659895272,21.2630362740551 81.2860516822005,21.2630208989613 81.2860444718616,21.2629794361273 81.2860398370228,21.2629379732933 81.2860542772772,21.2628965104593 81.2860659895272,21.2628837080029 81.286091618601,21.2628550476253 81.286107425032,21.2628403159288 81.2861361099403,21.2628135847913 81.2861488605368,21.2628017026565 81.2861812343652,21.2627721219573 81.2861902960416,21.2627662021899 81.2862317315463,21.262768638277</coordinates>
        </LineString>
        <Style>
          <LineStyle>
            <color>#ffffdc00</color>
            <width>2</width>
          </LineStyle>
        </Style>
      </Placemark>
      <Placemark>
        <name xmlns:py="http://codespeak.net/lxml/objectify/pytype" py:pytype="str">279.0</name>
        <Style>
          <LineStyle>
            <color>ff0000ff</color>
          </LineStyle>
          <PolyStyle>
            <fill>0</fill>
          </PolyStyle>
        </Style>
        <ExtendedData>
          <SchemaData schemaUrl="#contour">
            <SimpleData name="ID">53</SimpleData>
          </SchemaData>
        </ExtendedData>
        <LineString>
          <coordinates>81.2819665486835,21.2635806472203 81.2819665486835,21.2635599158033 81.2819798046968,21.2635184529693 81.2819946351844,21.2634769901353 81.2820053100586,21.2634471454973 81.2820094658474,21.2634355273013 81.2820207180767,21.2633940644673 81.2820098665919,21.2633526016333 81.2820053100586,21.2633444878116 81.2819846668976,21.2633111387993 81.2819638745538,21.2632823084543 81.2819533450552,21.2632696759653 81.281922439049,21.2632416563122 81.2819061768543,21.2632282131313 81.2818810035442,21.2632141471136 81.2818395680395,21.2631882215643 81.2818373958287,21.2631867502973 81.2817981325347,21.2631621094771 81.281773085716,21.2631452874633 81.2817566970299,21.2631334222034 81.2817152615251,21.2631054440705 81.281712450372,21.2631038246293 81.2816738260203,21.2630766158233 81.2816561831844,21.2630623617953 81.2816323905156,21.2630336851327 81.2816229239077,21.2630208989613 81.281599576269,21.2629794361273 81.2815909550108,21.2629617635843 81.2815791511916,21.2629379732933 81.2815549926897,21.2628965104593 81.281549519506,21.2628889667159 81.2815218482872,21.2628550476253 81.2815080840012,21.2628370039166 81.2814920156766,21.2628135847913 81.2814676330292,21.2627721219573 81.2814666484964,21.262768757371 81.281445930744,21.262768757371</coordinates>
        </LineString>
        <Style>
          <LineStyle>
            <color>#ff59ff00</color>
            <width>2</width>
          </LineStyle>
        </Style>
      </Placemark>
      <Placemark>
        <name xmlns:py="http://codespeak.net/lxml/objectify/pytype" py:pytype="str">281.0</name>
        <Style>
          <LineStyle>
            <color>ff0000ff</color>
          </LineStyle>
          <PolyStyle>
            <fill>0</fill>
          </PolyStyle>
        </Style>
        <ExtendedData>
          <SchemaData schemaUrl="#contour">
            <SimpleData name="ID">54</SimpleData>
          </SchemaData>
        </ExtendedData>
        <LineString>
          <coordinates>81.2915368444261,21.2634977215523 81.2915368444261,21.2634769901353 81.2915368477433,21.2634355273013 81.2915368488336,21.2633940644673 81.2915368501746,21.2633526016333 81.2915368501746,21.2633111387993 81.2915368501746,21.2632696759653 81.2915368501746,21.2632282131313 81.2915368501746,21.2631867502973 81.2915368501746,21.2631452874633 81.2915368501746,21.2631038246293 81.2915376112136,21.2630623617953 81.2915396557991,21.2630208989613 81.2915419171003,21.2629794361273 81.2915439161643,21.2629379732933 81.2915575912584,21.2628965104593 81.2915769116632,21.2628706132932 81.2915912305148,21.2628550476253 81.291618347168,21.2628297779269 81.291635723855,21.2628135847913 81.2916597826728,21.2627911620114 81.2916913167273,21.2627721219573 81.2917012181775,21.2627660278525 81.2917236311021,21.2627721219573 81.2917426536823,21.262777195448 81.2917817027118,21.2628135847913 81.2917840891871,21.2628158087203 81.2918255246919,21.2628544268803 81.291826190807,21.2628550476253 81.2918669601967,21.2628936314406 81.2918700531944,21.2628965104593 81.2919083957014,21.2629316534248 81.2919151766289,21.2629379732933 81.2919498312062,21.2629702715849 81.2919596655824,21.2629794361273 81.291991266711,21.2630088848571 81.2920034074275,21.2630208989613 81.2920327022158,21.2630556377759 81.2920368103391,21.2630623617953 81.2920482826177,21.2631038246293 81.292052370791,21.2631452874633 81.2920563505533,21.2631867502973 81.2920589615956,21.2632282131313 81.2920585442808,21.2632696759653 81.2920568086988,21.2633111387993 81.2920546406001,21.2633526016333 81.2920509989531,21.2633940644673 81.2920450727068,21.2634355273013 81.2920386004302,21.2634769901353 81.2920386004302,21.2634977215523</coordinates>
        </LineString>
        <Style>
          <LineStyle>
            <color>#ff16ff00</color>
            <width>2</width>
          </LineStyle>
        </Style>
      </Placemark>
      <Placemark>
        <name xmlns:py="http://codespeak.net/lxml/objectify/pytype" py:pytype="str">282.0</name>
        <Style>
          <LineStyle>
            <color>ff0000ff</color>
          </LineStyle>
          <PolyStyle>
            <fill>0</fill>
          </PolyStyle>
        </Style>
        <ExtendedData>
          <SchemaData schemaUrl="#contour">
            <SimpleData name="ID">55</SimpleData>
          </SchemaData>
        </ExtendedData>
        <LineString>
          <coordinates>81.2980822859139,21.2627581418751 81.2981017997672,21.2627721219573 81.2981237214187,21.2627849713087 81.2981651569235,21.2628035465195 81.2981944199533,21.2628135847913 81.2982065924283,21.262817205421 81.2982480279331,21.2628297615881 81.2982894634378,21.2628489277941 81.2983025969194,21.2628550476253 81.2983308989426,21.2628692484157 81.2983723344474,21.2628900390465 81.2983832189583,21.2628965104593 81.2984137699522,21.2629212234542 81.2984268678163,21.2629379732933 81.2984506167548,21.2629794361273 81.298455205457,21.2629874462151 81.2984731553355,21.2630208989613 81.2984887277352,21.2630623617953 81.2984857503463,21.2631038246293 81.2984689742897,21.2631452874633 81.298455205457,21.263171199274 81.2984449696693,21.2631867502973 81.2984137699522,21.2632232914115 81.2984087126584,21.2632282131313 81.2983723344474,21.2632624265686 81.2983645561115,21.2632696759653 81.2983308989426,21.2633010406955 81.2983200627714,21.2633111387993 81.2982894634378,21.2633396539677 81.2982753732386,21.2633526016333 81.2982480279331,21.2633777295868 81.2982065924283,21.2633860680985 81.2981651569235,21.2633862147312 81.2981237214187,21.2633862147312 81.2980822859139,21.2633862147312 81.2980408504092,21.2633598843897 81.298032748191,21.2633526016333 81.2979994149044,21.2633226396891 81.2979870734179,21.2633111387993 81.2979579793996,21.2632840264169 81.2979425800778,21.2632696759653 81.2979165438948,21.2632405186473 81.2979096269719,21.2632282131313 81.2979010855053,21.2631867502973 81.2978990443342,21.2631452874633 81.297897244182,21.2631038246293 81.2978960834118,21.2630623617953 81.2978957727501,21.2630208989613 81.2978957740562,21.2629794361273 81.2978957759361,21.2629379732933 81.2978957732697,21.2628965104593 81.2978957724297,21.2628550476253 81.2978957705657,21.2628135847913 81.2978957628821,21.2627721219573 81.2979165438948,21.2627659053709 81.2979579793996,21.2627573121889 81.2979994149044,21.2627516343658 81.2980408504092,21.2627491970776 81.2980822859139,21.2627581418751</coordinates>
        </LineString>
        <Style>
          <LineStyle>
            <color>#ff00ff0b</color>
            <width>2</width>
          </LineStyle>
        </Style>
      </Placemark>
      <Placemark>
        <name xmlns:py="http://codespeak.net/lxml/objectify/pytype" py:pytype="str">283.0</name>
        <Style>
          <LineStyle>
            <color>ff0000ff</color>
          </LineStyle>
          <PolyStyle>
            <fill>0</fill>
          </PolyStyle>
        </Style>
        <ExtendedData>
          <SchemaData schemaUrl="#contour">
            <SimpleData name="ID">56</SimpleData>
          </SchemaData>
        </ExtendedData>
        <LineString>
          <coordinates>81.2899609296597,21.2627721219573 81.2899609269767,21.2627721216015 81.2899194914719,21.2627721216015 81.2898780559671,21.2627721216015 81.2898366204624,21.2627721216023 81.2897951849576,21.2627721216441 81.2897537494528,21.2627721216985 81.289712313948,21.2627721217372 81.2896708784432,21.2627721217658 81.2896708780146,21.2627721219573 81.2896708778216,21.2628135847913 81.2896708773137,21.2628550476253 81.2896708746619,21.2628965104593 81.2896294429384,21.2629379695095 81.2895880074337,21.2629379720007 81.2895465719289,21.2629379725377 81.2895051364241,21.2629379727593 81.2894637009193,21.2629379728805 81.2894222654145,21.2629379729569 81.2893808299097,21.2629379730093 81.289339394405,21.2629379730476 81.2893393937285,21.2629379732933 81.2893393934045,21.2629794361273 81.289339392482,21.2630208989613 81.289339394405,21.2630208997887 81.2893808299097,21.2630208997887 81.2894222654145,21.2630208997887 81.2894637009193,21.2630208997624 81.2895051364241,21.2630208996638 81.2895465719289,21.2630208995444 81.2895880074337,21.2630208994597 81.2896294429384,21.2630208994007 81.2896708784432,21.2630208993752 81.289712313948,21.2630208993752 81.2897537494528,21.2630208993752 81.2897537795813,21.2630208989613 81.2897537961665,21.2629794361273 81.2897538533719,21.2629379732933 81.2897544067924,21.2628965104593 81.2897951849576,21.2628557053985 81.2898366204624,21.2628550579131 81.2898780559671,21.2628550508444 81.2899194914719,21.2628550495307 81.2899609269767,21.2628550489771 81.2899609276279,21.2628550476253 81.2899609280243,21.2628135847913 81.2899609296597,21.2627721219573</coordinates>
        </LineString>
        <Style>
          <LineStyle>
            <color>#ff00ff2c</color>
            <width>2</width>
          </LineStyle>
        </Style>
      </Placemark>
      <Placemark>
        <name xmlns:py="http://codespeak.net/lxml/objectify/pytype" py:pytype="str">284.0</name>
        <Style>
          <LineStyle>
            <color>ff0000ff</color>
          </LineStyle>
          <PolyStyle>
            <fill>0</fill>
          </PolyStyle>
        </Style>
        <ExtendedData>
          <SchemaData schemaUrl="#contour">
            <SimpleData name="ID">57</SimpleData>
          </SchemaData>
        </ExtendedData>
        <LineString>
          <coordinates>81.3126468658447,21.2632494404387 81.3126261480923,21.2632494404387 81.3125847125876,21.2632363803499 81.3125432770828,21.2632305858559 81.3125151809759,21.2632282131313 81.312501841578,21.2632274041991 81.3124604060732,21.2632067824063 81.312437418885,21.2631867502973 81.3124189705684,21.2631707380087 81.3123916598503,21.2631452874633 81.3123775350636,21.2631321247365 81.3123471703538,21.2631038246293 81.3123360995589,21.2630895226616 81.3123150723514,21.2630623617953 81.3123064653054,21.2630208989613 81.3123064653054,21.2629794361273 81.3123064653054,21.2629379732933 81.3123227038273,21.2628965104593 81.3123360995589,21.2628819482924 81.3123608454717,21.2628550476253 81.3123775350636,21.2628394947858 81.3124053388119,21.2628135847913 81.3124189705684,21.2628008800159 81.3124521043287,21.2627721219573 81.3124604060732,21.262764970516 81.312501841578,21.262747104298 81.3125432770828,21.2627494230817 81.3125847125876,21.2627513504039 81.3126261480923,21.2627527648821 81.3126468658447,21.2627527648821</coordinates>
        </LineString>
        <Style>
          <LineStyle>
            <color>#ff00ff4e</color>
            <width>2</width>
          </LineStyle>
        </Style>
      </Placemark>
      <Placemark>
        <name xmlns:py="http://codespeak.net/lxml/objectify/pytype" py:pytype="str">284.0</name>
        <Style>
          <LineStyle>
            <color>ff0000ff</color>
          </LineStyle>
          <PolyStyle>
            <fill>0</fill>
          </PolyStyle>
        </Style>
        <ExtendedData>
          <SchemaData schemaUrl="#contour">
            <SimpleData name="ID">58</SimpleData>
          </SchemaData>
        </ExtendedData>
        <LineString>
          <coordinates>81.3098914047767,21.262752599713 81.3099190232746,21.2627721219573 81.3099328402815,21.262782853727 81.3099516160322,21.2628135847913 81.3099701665058,21.2628550476253 81.3099742757863,21.2628794190505 81.3099768721717,21.2628965104593 81.3099742757863,21.262902241649 81.3099574607447,21.2629379732933 81.3099328402815,21.2629607611201 81.3098914047767,21.2629773556858 81.309849969272,21.262972044528 81.3098085337672,21.2629566068884 81.3097718459438,21.2629379732933 81.3097670982624,21.2629328932003 81.3097444732446,21.2628965104593 81.3097424458286,21.2628550476253 81.3097486193877,21.2628135847913 81.3097580121173,21.2627721219573 81.3097670982624,21.2627455622124 81.3098085337672,21.2627455617985 81.309849969272,21.2627455660982 81.3098914047767,21.262752599713</coordinates>
        </LineString>
        <Style>
          <LineStyle>
            <color>#ff00ff4e</color>
            <width>2</width>
          </LineStyle>
        </Style>
      </Placemark>
      <Placemark>
        <name xmlns:py="http://codespeak.net/lxml/objectify/pytype" py:pytype="str">286.0</name>
        <Style>
          <LineStyle>
            <color>ff0000ff</color>
          </LineStyle>
          <PolyStyle>
            <fill>0</fill>
          </PolyStyle>
        </Style>
        <ExtendedData>
          <SchemaData schemaUrl="#contour">
            <SimpleData name="ID">59</SimpleData>
          </SchemaData>
        </ExtendedData>
        <LineString>
          <coordinates>81.3069384353435,21.2633318702163 81.3069384353435,21.2633111387993 81.3069161881582,21.2632696759653 81.3069080484324,21.2632525819772 81.3068961501775,21.2632282131313 81.3068807665213,21.2631867502973 81.3068666129277,21.2631512738754 81.3068639885148,21.2631452874633 81.3068421084338,21.2631038246293 81.3068251774229,21.2630702693391 81.3068224343893,21.2630623617953 81.3068178338098,21.2630208989613 81.3068168689319,21.2629794361273 81.3068157524626,21.2629379732933 81.3068154870108,21.2628965104593 81.3068168787091,21.2628550476253 81.3068197164858,21.2628135847913 81.3068247859189,21.2627721219573 81.3068251774229,21.2627716373011 81.3068666129277,21.2627577242931 81.3069080484324,21.2627519179046 81.3069494839372,21.2627478072326 81.306990919442,21.2627620809515 81.3070027925213,21.2627721219573 81.3070323549468,21.2627955489718 81.3070517065495,21.2628135847913 81.3070737904516,21.2628341671318 81.3070961970942,21.2628550476253 81.3071152259564,21.2628757334286 81.3071302305255,21.2628965104593 81.3071416588832,21.2629379732933 81.3071416588832,21.2629794361273 81.3071416588832,21.2630208989613 81.307141998384,21.2630623617953 81.3071433375443,21.2631038246293 81.3071454386916,21.2631452874633 81.3071478754874,21.2631867502973 81.3071499627029,21.2632282131313 81.3071505773334,21.2632696759653 81.307150575901,21.2633111387993 81.307150575901,21.2633318702163</coordinates>
        </LineString>
        <Style>
          <LineStyle>
            <color>#ff00ff91</color>
            <width>2</width>
          </LineStyle>
        </Style>
      </Placemark>
      <Placemark>
        <name xmlns:py="http://codespeak.net/lxml/objectify/pytype" py:pytype="str">287.0</name>
        <Style>
          <LineStyle>
            <color>ff0000ff</color>
          </LineStyle>
          <PolyStyle>
            <fill>0</fill>
          </PolyStyle>
        </Style>
        <ExtendedData>
          <SchemaData schemaUrl="#contour">
            <SimpleData name="ID">60</SimpleData>
          </SchemaData>
        </ExtendedData>
        <LineString>
          <coordinates>81.3047547331556,21.2633733330503 81.3047547331556,21.2633526016333 81.3047684450395,21.2633111387993 81.3047835262205,21.2632696759653 81.3047948376886,21.2632437843715 81.3048026271799,21.2632282131313 81.3048299025348,21.2631867502973 81.3048362731934,21.2631778448059 81.3048595644927,21.2631452874633 81.3048777086981,21.2631199248975 81.3048919040754,21.2631038246293 81.3049191442029,21.2630724726856 81.3049344128718,21.2630623617953 81.3049605797077,21.2630452864198 81.3050020152125,21.2630259797837 81.3050129195687,21.2630208989613 81.3050434507173,21.2630066731475 81.305084886222,21.2629892896479 81.3051159628506,21.2629794361273 81.3051263217268,21.2629758271979 81.3051677572316,21.2629617031346 81.3052091927364,21.2629423213286 81.3052169610514,21.2629379732933 81.3052506282412,21.2629011526462 81.3052544054613,21.2628965104593 81.3052643068858,21.2628550476253 81.3052699357505,21.2628135847913 81.305280012165,21.2627721219573 81.305292063746,21.2627631763907 81.3053334992507,21.2627555610835 81.3053749347555,21.2627504161398 81.3054163702603,21.2627467746716 81.3054578057651,21.2627475731406 81.3054992412699,21.2627515306806 81.3055406767747,21.2627571617591 81.3055821122794,21.2627656677926 81.3056235477842,21.2627712581483 81.3056649665401,21.2627721219573 81.3056649767634,21.2628135847913 81.3056649792246,21.2628550476253 81.3056393977552,21.2628965104593 81.3056235477842,21.2629116135653 81.3056184274063,21.2629379732933 81.3056056796463,21.2629794361273 81.3055939074917,21.2630208989613 81.3055821122794,21.2630418649374 81.3055406767747,21.2630603768103 81.3055333848121,21.2630623617953 81.3054992412699,21.2630709679012 81.3054578057651,21.2630878599508 81.305446593805,21.2631038246293 81.3054393687962,21.2631452874633 81.3054348767583,21.2631867502973 81.3054439763287,21.2632282131313 81.3054578057651,21.2632445943596 81.3054787983582,21.2632696759653 81.3054992412699,21.2632887626524 81.3055232528826,21.2633111387993 81.3055406767747,21.263327377839 81.3055677409778,21.2633526016333 81.3055677409778,21.2633733330503</coordinates>
        </LineString>
        <Style>
          <LineStyle>
            <color>#ff00ffb3</color>
            <width>2</width>
          </LineStyle>
        </Style>
      </Placemark>
      <Placemark>
        <name xmlns:py="http://codespeak.net/lxml/objectify/pytype" py:pytype="str">288.0</name>
        <Style>
          <LineStyle>
            <color>ff0000ff</color>
          </LineStyle>
          <PolyStyle>
            <fill>0</fill>
          </PolyStyle>
        </Style>
        <ExtendedData>
          <SchemaData schemaUrl="#contour">
            <SimpleData name="ID">61</SimpleData>
          </SchemaData>
        </ExtendedData>
        <LineString>
          <coordinates>81.3067970974767,21.2633733330503 81.3067970974767,21.2633526016333 81.3067837419181,21.2633216034849 81.3067799988939,21.2633111387993 81.3067651684063,21.2632696759653 81.3067503379187,21.2632282131313 81.3067423064133,21.2632057587803 81.3067355074311,21.2631867502973 81.3067206769435,21.2631452874633 81.3067058464558,21.2631038246293 81.3067008709085,21.2630882507577 81.3066923769802,21.2630623617953 81.3066804005323,21.2630208989613 81.3066670927534,21.2629794361273 81.3066594354038,21.262958955931 81.306650335638,21.2629379732933 81.3066296589927,21.2628965104593 81.306617999899,21.2628772011017 81.3066026886061,21.2628550476253 81.3065765643942,21.262824458435 81.3065655907588,21.2628135847913 81.3065351288894,21.2627880028534 81.3065120176855,21.2627721219573 81.3064936933846,21.2627611962846 81.3064522578799,21.2627468685951 81.3064108223751,21.2627438854652 81.3063693868703,21.2627427296936 81.3063279513655,21.2627416984647 81.3062865158607,21.2627413103249 81.3062450803559,21.2627419257333 81.3062036448512,21.2627429825358 81.3061622093464,21.2627441720549 81.3061207738416,21.2627494701538 81.3060793383368,21.2627663516296 81.3060705113596,21.2627721219573 81.306037902832,21.2627953408881 81.3060169384397,21.2628135847913 81.3059964673272,21.2628347423266 81.3059778996288,21.2628550476253 81.3059550318225,21.2628860175353 81.3059457791533,21.2628965104593 81.3059135963177,21.2629373148186 81.3059129406926,21.2629379732933 81.3058721608129,21.2629759755961 81.3058684473525,21.2629794361273 81.3058307253081,21.2630145888684 81.3058237217422,21.2630208989613 81.3057892898033,21.2630526514477 81.3057786864659,21.2630623617953 81.3057478542986,21.2630912526885 81.3057349725771,21.2631038246293 81.3057064187938,21.2631304335729 81.3056904792369,21.2631452874633 81.305664983289,21.2631690468452 81.3056456953571,21.2631867502973 81.3056235477842,21.2632271731587 81.3056229734838,21.2632282131313 81.3056235477842,21.2632290551361 81.3056506224773,21.2632696759653 81.305664983289,21.263283060219 81.3056951105725,21.2633111387993 81.3057064187938,21.2633216768012 81.3057396039126,21.2633526016333 81.3057396039126,21.2633733330503</coordinates>
        </LineString>
        <Style>
          <LineStyle>
            <color>#ff00ffd4</color>
            <width>2</width>
          </LineStyle>
        </Style>
      </Placemark>
      <Placemark>
        <name xmlns:py="http://codespeak.net/lxml/objectify/pytype" py:pytype="str">288.0</name>
        <Style>
          <LineStyle>
            <color>ff0000ff</color>
          </LineStyle>
          <PolyStyle>
            <fill>0</fill>
          </PolyStyle>
        </Style>
        <ExtendedData>
          <SchemaData schemaUrl="#contour">
            <SimpleData name="ID">62</SimpleData>
          </SchemaData>
        </ExtendedData>
        <LineString>
          <coordinates>81.3096023082109,21.2633318702163 81.3096023082109,21.2633111387993 81.3096013562433,21.2633093645439 81.3095800628885,21.2632696759653 81.3095599207385,21.263231748607 81.309558075036,21.2632282131313 81.3095385292969,21.2631867502973 81.3095222782326,21.2631452874633 81.3095184852337,21.2631345918368 81.3095091917145,21.2631038246293 81.3094956214375,21.2630623617953 81.3094770497289,21.2630235677196 81.3094756975438,21.2630208989613 81.3094490935006,21.2629794361273 81.3094356142241,21.2629613029485 81.3094142110981,21.2629379732933 81.3093941787194,21.2629135214292 81.30937328942,21.2628965104593 81.3093527432146,21.2628736921045 81.309330415247,21.2628550476253 81.3093113077098,21.2628372415303 81.3092859219069,21.2628135847913 81.309269872205,21.2627986264947 81.3092367017773,21.2627721219573 81.3092284367002,21.2627674147062 81.3091870011955,21.262767755166 81.3091787706832,21.2627721219573 81.3091455656907,21.2627906657604 81.3091041301859,21.2628076525502 81.3090860209972,21.2628135847913 81.3090626946811,21.2628202578428 81.3090212591763,21.2628305546584 81.3089798236715,21.2628430099324 81.3089487623894,21.2628550476253 81.3089383881668,21.2628596678966 81.308896952662,21.262881284368 81.3088750471253,21.2628965104593 81.3088555171572,21.262907416146 81.3088140816524,21.2629360336714 81.3088116018961,21.2629379732933 81.3087726461476,21.2629682989382 81.308760875677,21.2629794361273 81.3087312106428,21.2630131609201 81.3087244579526,21.2630208989613 81.3086897751381,21.263059472634 81.308686297132,21.2630623617953 81.3086483396333,21.2630825415413 81.3086069041285,21.2630983297511 81.3085906708125,21.2631038246293 81.3085654686237,21.2631103014861 81.3085240331189,21.2631146886769 81.3084825976142,21.2631095915016 81.3084602957045,21.2631038246293 81.3084411621094,21.2630977106182 81.3083997266046,21.2630834945995 81.3083582910998,21.2630714904188 81.308316855595,21.2630671153105 81.3082754200903,21.2630687674553 81.3082339845855,21.2630708038189 81.3081925490807,21.2630770289967 81.3081511135759,21.2631013402091 81.3081488490626,21.2631038246293 81.308124795578,21.2631452874633 81.3081096780711,21.2631815811237 81.3081078427371,21.2631867502973 81.3080952105144,21.2632282131313 81.3080822770259,21.2632696759653 81.3080682425663,21.2633038866884 81.3080649174112,21.2633111387993 81.3080649174112,21.2633318702163</coordinates>
        </LineString>
        <Style>
          <LineStyle>
            <color>#ff00ffd4</color>
            <width>2</width>
          </LineStyle>
        </Style>
      </Placemark>
      <Placemark>
        <name xmlns:py="http://codespeak.net/lxml/objectify/pytype" py:pytype="str">292.0</name>
        <Style>
          <LineStyle>
            <color>ff0000ff</color>
          </LineStyle>
          <PolyStyle>
            <fill>0</fill>
          </PolyStyle>
        </Style>
        <ExtendedData>
          <SchemaData schemaUrl="#contour">
            <SimpleData name="ID">63</SimpleData>
          </SchemaData>
        </ExtendedData>
        <LineString>
          <coordinates>81.3024744500805,21.2627721219573 81.3024744494208,21.2627721216629 81.302433013916,21.2627721217119 81.3023915784112,21.2627721217468 81.3023501429064,21.2627721217669 81.3023087074017,21.2627721217626 81.3022672718969,21.262772121733 81.3022258363921,21.2627721216927 81.3021844008873,21.2627721216411 81.3021429653825,21.2627721216015 81.3021015298778,21.2627721216015 81.302060094373,21.2627721216015 81.3020600906436,21.2627721219573 81.3020600906436,21.2628135847913 81.3020600906436,21.2628550476253 81.302060094373,21.2628550494367 81.3021015298778,21.2628550505914 81.3021429653825,21.2628550558068 81.3021844008873,21.2628550997499 81.3022257843019,21.2628965104593 81.3022258266984,21.2629379732933 81.3022258321632,21.2629794361273 81.3022258336878,21.2630208989613 81.3022258363921,21.2630208997887 81.3022672718969,21.2630208997887 81.3023087074017,21.2630208997887 81.3023501429064,21.2630208997887 81.3023915784112,21.2630208997887 81.302433013916,21.2630208997887 81.3024744494208,21.2630208997887 81.3025158849256,21.2630208998563 81.3025573204304,21.2630209001011 81.3025987559351,21.263020900668 81.3026401914399,21.2630209023489 81.3026401943407,21.2630208989613 81.3026401929484,21.2629794361273 81.30264019246,21.2629379732933 81.3026401914399,21.262937972713 81.3025987559351,21.262937972441 81.3025573204304,21.2629379716894 81.3025158849256,21.2629379674638 81.3024744552465,21.2628965104593 81.3024744511591,21.2628550476253 81.3024744503776,21.2628135847913 81.3024744500805,21.2627721219573</coordinates>
        </LineString>
        <Style>
          <LineStyle>
            <color>#ff00a4ff</color>
            <width>2</width>
          </LineStyle>
        </Style>
      </Placemark>
      <Placemark>
        <name xmlns:py="http://codespeak.net/lxml/objectify/pytype" py:pytype="str">274.0</name>
        <Style>
          <LineStyle>
            <color>ff0000ff</color>
          </LineStyle>
          <PolyStyle>
            <fill>0</fill>
          </PolyStyle>
        </Style>
        <ExtendedData>
          <SchemaData schemaUrl="#contour">
            <SimpleData name="ID">64</SimpleData>
          </SchemaData>
        </ExtendedData>
        <LineString>
          <coordinates>81.2862731670511,21.2626838283197 81.2862876290134,21.2626891962893 81.2863146025559,21.2627012531403 81.2863560380607,21.262725697574 81.2863604825524,21.2627306591233 81.2863923195059,21.2627721219573 81.2863974735655,21.2627791945402 81.286416633674,21.2628135847913 81.2864389090702,21.2628535666353 81.2864397036375,21.2628550476253 81.286460238683,21.2628965104593 81.2864765130301,21.2629379732933 81.286480344575,21.2629490807681 81.2864925759682,21.2629794361273 81.2865151348403,21.2630208989613 81.2865217800798,21.2630335744519 81.2865360234138,21.2630623617953 81.2865422934703,21.2631038246293 81.28653924971,21.2631452874633 81.2865337375353,21.2631867502973 81.2865217800798,21.2632054542706 81.286480344575,21.2632162324676 81.2864389090702,21.2632217347686 81.2863974735655,21.26322468336 81.2863560380607,21.2632247146162 81.2863146025559,21.2632226811787 81.2862731670511,21.2632208579851 81.2862317315463,21.263218985725 81.2861902960416,21.26320619072 81.2861532539355,21.2631867502973 81.2861488605368,21.2631844846082 81.286107425032,21.2631665210041 81.2860659895272,21.2631532829336 81.2860344846722,21.2631452874633 81.2860245540224,21.2631428353463 81.2859831185176,21.2631310082376 81.2859416830129,21.2631151372909 81.2859187144514,21.2631038246293 81.2859002475081,21.2630886893712 81.2858744386662,21.2630623617953 81.2858653734991,21.2630208989613 81.2858653734991,21.2629794361273 81.2858653734991,21.2629379732933 81.2858816143796,21.2628965104593 81.2859002475081,21.2628762550696 81.2859197564408,21.2628550476253 81.2859416830129,21.2628346119176 81.2859642470055,21.2628135847913 81.2859831185176,21.2627959986453 81.2860087403456,21.2627721219573 81.2860245540224,21.2627581183229 81.2860563431094,21.2627306591233 81.2860659895272,21.2627230479165 81.286107425032,21.2626993873349 81.2861305625531,21.2626891962893 81.2861488605368,21.2626824971706 81.2861902960416,21.2626703283414 81.2862317315463,21.2626713066599 81.2862731670511,21.2626838283197</coordinates>
        </LineString>
        <Style>
          <LineStyle>
            <color>#fffffe00</color>
            <width>2</width>
          </LineStyle>
        </Style>
      </Placemark>
      <Placemark>
        <name xmlns:py="http://codespeak.net/lxml/objectify/pytype" py:pytype="str">287.0</name>
        <Style>
          <LineStyle>
            <color>ff0000ff</color>
          </LineStyle>
          <PolyStyle>
            <fill>0</fill>
          </PolyStyle>
        </Style>
        <ExtendedData>
          <SchemaData schemaUrl="#contour">
            <SimpleData name="ID">65</SimpleData>
          </SchemaData>
        </ExtendedData>
        <LineString>
          <coordinates>81.3096890307323,21.2633318702163 81.3096890307323,21.2633111387993 81.3096842272528,21.2633036605327 81.3096659941622,21.2632696759653 81.3096437489001,21.2632282131313 81.309642791748,21.2632264291004 81.3096215022906,21.2631867502973 81.3096013562433,21.2631491981291 81.3095993685714,21.2631452874633 81.3095788977981,21.2631038246293 81.3095599207385,21.2630645640704 81.3095590384067,21.2630623617953 81.3095406544016,21.2630208989613 81.309518977492,21.2629794361273 81.3095184852337,21.262978564236 81.3094943043966,21.2629379732933 81.3094770497289,21.2629057412362 81.3094714497526,21.2628965104593 81.3094545765516,21.2628550476253 81.3094360265544,21.2628135847913 81.3094356142241,21.2628128074499 81.3094086737928,21.2627721219573 81.3093941787194,21.2627561700449 81.3093659124648,21.2627306591233 81.3093527432146,21.2627208387585 81.3093113077098,21.262697826021 81.3092914639876,21.2626891962893 81.309269872205,21.2626813811822 81.3092284367002,21.2626709435578 81.3091870011955,21.2626720174701 81.3091455656907,21.262685004409 81.3091344056201,21.2626891962893 81.3091041301859,21.2627023402993 81.3090626946811,21.26272525644 81.309047611655,21.2627306591233 81.3090212591763,21.2627382552672 81.3089798236715,21.2627398831147 81.3089383881668,21.262741624104 81.308896952662,21.2627437932851 81.3088555171572,21.2627606570663 81.3088427304414,21.2627721219573 81.3088140816524,21.2627969370945 81.3087962171803,21.2628135847913 81.3087726461476,21.2628355503667 81.3087517264883,21.2628550476253 81.3087312106428,21.2628736445763 81.3087065807889,21.2628965104593 81.3086897751381,21.2629121663522 81.3086622903317,21.2629379732933 81.3086483396333,21.2629513950713 81.3086182528733,21.2629794361273 81.3086069041285,21.2629900132313 81.3085737609697,21.2630208989613 81.3085654686237,21.2630266572836 81.3085240331189,21.2630407813807 81.3084825976142,21.2630314527333 81.3084583460645,21.2630208989613 81.3084411621094,21.2630131736599 81.3083997266046,21.2629982156382 81.3083582910998,21.2629890038872 81.308316855595,21.2629858097611 81.3082754200903,21.2629858097611 81.3082339845855,21.2629858097611 81.3081925490807,21.2629858097739 81.3081511135759,21.2629858097629 81.3081096780711,21.2629858091964 81.3080682425663,21.262985806719 81.3080268070616,21.2630053903105 81.3080235747404,21.2630208989613 81.308018279014,21.2630623617953 81.3080154004962,21.2631038246293 81.3080132747258,21.2631452874633 81.3080114300278,21.2631867502973 81.3080054743503,21.2632282131313 81.3079898062305,21.2632696759653 81.3079853715568,21.2632793675393 81.3079738238212,21.2633111387993 81.3079738238212,21.2633318702163</coordinates>
        </LineString>
        <Style>
          <LineStyle>
            <color>#ff00ffb3</color>
            <width>2</width>
          </LineStyle>
        </Style>
      </Placemark>
      <Placemark>
        <name xmlns:py="http://codespeak.net/lxml/objectify/pytype" py:pytype="str">288.0</name>
        <Style>
          <LineStyle>
            <color>ff0000ff</color>
          </LineStyle>
          <PolyStyle>
            <fill>0</fill>
          </PolyStyle>
        </Style>
        <ExtendedData>
          <SchemaData schemaUrl="#contour">
            <SimpleData name="ID">66</SimpleData>
          </SchemaData>
        </ExtendedData>
        <LineString>
          <coordinates>81.3033917102369,21.2633733330503 81.3033917102369,21.2633526016333 81.3034225284044,21.2633111387993 81.3034274660308,21.2633055294874 81.303467883373,21.2632696759653 81.3034689015356,21.2632687864213 81.3035103370403,21.2632362571418 81.3035224515133,21.2632282131313 81.3035472074052,21.2631867502973 81.3035517725451,21.2631525406552 81.3035533533687,21.2631452874633 81.3035666123963,21.2631038246293 81.3035932080499,21.2630760917607 81.3036346435547,21.2630641710826 81.3036428877173,21.2630623617953 81.3036760790595,21.2630507827597 81.3037133150198,21.2630208989613 81.3037133263132,21.2629794361273 81.3037133243832,21.2629379732933 81.3037133214589,21.2628965104593 81.3037133190948,21.2628550476253 81.3037133190948,21.2628135847913 81.3037133190948,21.2627721219573 81.3037175145643,21.2627640158314 81.3037365656371,21.2627306591233 81.303758950069,21.2627142319757 81.3038003855738,21.2626919611918 81.3038066575496,21.2626891962893 81.3038418210786,21.262677044113 81.3038832565834,21.2626700590005 81.3039246920882,21.2626758815727 81.3039637159171,21.2626891962893 81.3039661275929,21.2626902438455 81.3040075630977,21.2627118055521 81.3040343067564,21.2627306591233 81.3040489986025,21.2627571961924 81.3040555591066,21.2627721219573 81.3040537692041,21.2628135847913 81.3040524181579,21.2628550476253 81.3040489986025,21.2628709151013 81.3040417728304,21.2628965104593 81.3040075630977,21.2629296105877 81.3039994427691,21.2629379732933 81.3039661275929,21.2629633281203 81.3039487143364,21.2629794361273 81.3039246920882,21.2630060155804 81.3039086465949,21.2630208989613 81.3038832565834,21.2630573218422 81.3038719346527,21.2630623617953 81.3038578993026,21.2631038246293 81.3038657697721,21.2631452874633 81.303870114404,21.2631867502973 81.3038832565834,21.263206272522 81.3038900814766,21.2632282131313 81.3039246920882,21.2632649515911 81.3039280964287,21.2632696759653 81.3039627500134,21.2633111387993 81.3039661275929,21.2633155338249 81.3039926677374,21.2633526016333 81.3039926677374,21.2633733330503</coordinates>
        </LineString>
        <Style>
          <LineStyle>
            <color>#ff00ffd4</color>
            <width>2</width>
          </LineStyle>
        </Style>
      </Placemark>
      <Placemark>
        <name xmlns:py="http://codespeak.net/lxml/objectify/pytype" py:pytype="str">272.0</name>
        <Style>
          <LineStyle>
            <color>ff0000ff</color>
          </LineStyle>
          <PolyStyle>
            <fill>0</fill>
          </PolyStyle>
        </Style>
        <ExtendedData>
          <SchemaData schemaUrl="#contour">
            <SimpleData name="ID">67</SimpleData>
          </SchemaData>
        </ExtendedData>
        <LineString>
          <coordinates>81.2846571823646,21.26259249335 81.2846824634782,21.2626062706213 81.2846986178694,21.2626133209981 81.2847400533742,21.2626352734008 81.2847718383387,21.2626477334553 81.284781488879,21.2626509779712 81.2848229243838,21.262664635454 81.2848643598885,21.2626848624065 81.2848718431849,21.2626891962893 81.2849057953933,21.2627082053372 81.2849472308981,21.2627279975632 81.2849532693291,21.2627306591233 81.2849886664029,21.2627587224048 81.2849978565033,21.2627721219573 81.2850002924448,21.2628135847913 81.2850028263493,21.2628550476253 81.2850052611278,21.2628965104593 81.2850071790135,21.2629379732933 81.2850088382748,21.2629794361273 81.2850108105692,21.2630208989613 81.2850064639353,21.2630623617953 81.2849886664029,21.2630924512289 81.2849831354936,21.2631038246293 81.2849494316017,21.2631452874633 81.2849472308981,21.2631475778052 81.2849057953933,21.2631839134641 81.2849019251597,21.2631867502973 81.2848643598885,21.2632183181088 81.2848495505224,21.2632282131313 81.2848308631795,21.2632696759653 81.2848269273425,21.2633111387993 81.2848229243838,21.263345229231 81.2848204663453,21.2633526016333 81.2847940810909,21.2633940644673 81.284781488879,21.2634355221756 81.2847400533742,21.2634355244293 81.2846986178694,21.2634355253064 81.2846860431908,21.2633940644673 81.2846571823646,21.2633828035795 81.2846291530543,21.2633526016333 81.2846157468598,21.2633428016826 81.2845817697459,21.2633111387993 81.2845743113551,21.2633041884103 81.2845372764058,21.2632696759653 81.2845328758503,21.263264886303 81.2845004027891,21.2632282131313 81.2844914403455,21.2631984505383 81.2844880074979,21.2631867502973 81.2844857153685,21.2631452874633 81.2844836840101,21.2631038246293 81.2844813518532,21.2630623617953 81.2844775259925,21.2630208989613 81.2844714879006,21.2629794361273 81.2844620485126,21.2629379732933 81.2844528232462,21.2628965104593 81.2844500052273,21.2628550476253 81.2844500052976,21.2628135847913 81.284450005399,21.2627721219573 81.2844500055583,21.2627306591233 81.2844500058449,21.2626891962893 81.2844500065127,21.2626477334553 81.2844500098313,21.2626062706213 81.2844914403455,21.2625853856383 81.2845328758503,21.2625854004664 81.2845743113551,21.2625853989241 81.2846157468598,21.2625854017325 81.2846571823646,21.26259249335</coordinates>
        </LineString>
        <Style>
          <LineStyle>
            <color>#ffffbb00</color>
            <width>2</width>
          </LineStyle>
        </Style>
      </Placemark>
      <Placemark>
        <name xmlns:py="http://codespeak.net/lxml/objectify/pytype" py:pytype="str">275.0</name>
        <Style>
          <LineStyle>
            <color>ff0000ff</color>
          </LineStyle>
          <PolyStyle>
            <fill>0</fill>
          </PolyStyle>
        </Style>
        <ExtendedData>
          <SchemaData schemaUrl="#contour">
            <SimpleData name="ID">68</SimpleData>
          </SchemaData>
        </ExtendedData>
        <LineString>
          <coordinates>81.2839527789455,21.2626062706213 81.2839527787833,21.262606270277 81.2839113432786,21.2626062701453 81.2838699077738,21.2626062698507 81.2838697156074,21.2626062706213 81.2838698433197,21.2626477334553 81.2838698701268,21.2626891962893 81.2838699077738,21.262689198056 81.2839113432786,21.262689198056 81.2839527787833,21.262689198056 81.2839527789455,21.2626891962893 81.2839527789455,21.2626477334553 81.2839527789455,21.2626062706213</coordinates>
        </LineString>
        <Style>
          <LineStyle>
            <color>#ffe0ff00</color>
            <width>2</width>
          </LineStyle>
        </Style>
      </Placemark>
      <Placemark>
        <name xmlns:py="http://codespeak.net/lxml/objectify/pytype" py:pytype="str">275.0</name>
        <Style>
          <LineStyle>
            <color>ff0000ff</color>
          </LineStyle>
          <PolyStyle>
            <fill>0</fill>
          </PolyStyle>
        </Style>
        <ExtendedData>
          <SchemaData schemaUrl="#contour">
            <SimpleData name="ID">69</SimpleData>
          </SchemaData>
        </ExtendedData>
        <LineString>
          <coordinates>81.2863974735655,21.2626058131398 81.2863981090489,21.2626062706213 81.2864285601641,21.2626477334553 81.2864389090702,21.2626668684463 81.2864485447901,21.2626891962893 81.2864637174649,21.2627306591233 81.286480344575,21.2627701069534 81.286481144387,21.2627721219573 81.2865033884852,21.2628135847913 81.2865217800798,21.262847862624 81.2865269745359,21.2628550476253 81.2865544412834,21.2628965104593 81.2865632155846,21.2629109710236 81.2865831357943,21.2629379732933 81.2866046510894,21.262974880464 81.2866069893794,21.2629794361273 81.2866247144043,21.2630208989613 81.2866377492176,21.2630623617953 81.2866460865942,21.2630904841674 81.2866502988617,21.2631038246293 81.2866670745402,21.2631452874633 81.2866875220989,21.2631818613122 81.2866910405042,21.2631867502973 81.2867159557384,21.2632282131313 81.2867207944027,21.2632696759653 81.2867149640341,21.2633111387993 81.2867045945832,21.2633526016333 81.2866875220989,21.2633624854477 81.2866460865942,21.263369566398 81.2866046510894,21.2633743969561 81.2865632155846,21.2633774697506 81.2865217800798,21.2633786370524 81.286480344575,21.2633786370524 81.2864389090702,21.2633786370524 81.2863974735655,21.2633766567507 81.2863560380607,21.2633635520291 81.2863353103526,21.2633526016333 81.2863146025559,21.2633416003541 81.2862731670511,21.2633244811572 81.2862317315463,21.2633117018684 81.2862302175026,21.2633111387993 81.2861902960416,21.2632972689223 81.2861488605368,21.2632780677477 81.2861308514843,21.2632696759653 81.286107425032,21.2632583165983 81.2860659895272,21.2632389619271 81.2860261996748,21.2632282131313 81.2860245540224,21.2632277499317 81.2859831185176,21.2632260549986 81.2859416830129,21.2632260535029 81.2859002475081,21.2632260554711 81.2858588120033,21.2632252881603 81.2858173764985,21.2632226715296 81.2857759409937,21.2632178554895 81.285734505489,21.2632088838113 81.2856930699842,21.2631953936071 81.2856516372901,21.2631867502973 81.2856516358453,21.2631452874633 81.2856516353821,21.2631038246293 81.2856516352047,21.2630623617953 81.2856516351686,21.2630208989613 81.2856516351686,21.2629794361273 81.2856516351686,21.2629379732933 81.2856930699842,21.2629131460037 81.2857021254256,21.2628965104593 81.285734505489,21.2628695983889 81.2857478907305,21.2628550476253 81.2857759409937,21.2628289079063 81.2857923840706,21.2628135847913 81.2858173764985,21.2627902946341 81.2858368774108,21.2627721219573 81.2858588120033,21.2627578458523 81.285897543501,21.2627306591233 81.2859002475081,21.2627290834733 81.2859416830129,21.2627002177677 81.2859548534593,21.2626891962893 81.2859831185176,21.2626621119959 81.2859966174255,21.2626477334553 81.2860245540224,21.2626126811809 81.2860339618355,21.2626062706213 81.2860659895272,21.2625911568376 81.286107425032,21.2625892228683 81.2861488605368,21.2625875271849 81.2861902960416,21.2625860526254 81.2862317315463,21.2625861802001 81.2862731670511,21.2625876749739 81.2863146025559,21.262589390608 81.2863560380607,21.2625913488845 81.2863974735655,21.2626058131398</coordinates>
        </LineString>
        <Style>
          <LineStyle>
            <color>#ffe0ff00</color>
            <width>2</width>
          </LineStyle>
        </Style>
      </Placemark>
      <Placemark>
        <name xmlns:py="http://codespeak.net/lxml/objectify/pytype" py:pytype="str">280.0</name>
        <Style>
          <LineStyle>
            <color>ff0000ff</color>
          </LineStyle>
          <PolyStyle>
            <fill>0</fill>
          </PolyStyle>
        </Style>
        <ExtendedData>
          <SchemaData schemaUrl="#contour">
            <SimpleData name="ID">70</SimpleData>
          </SchemaData>
        </ExtendedData>
        <LineString>
          <coordinates>81.294270219474,21.2625880369969 81.2943064937142,21.2626062706213 81.2943116549788,21.2626086998361 81.2943530904836,21.2626473131083 81.2943535415536,21.2626477334553 81.2943945259884,21.2626859308834 81.2943979167659,21.2626891962893 81.2944359614931,21.2627299843115 81.294436440695,21.2627306591233 81.2944505091127,21.2627721219573 81.2944505091127,21.2628135847913 81.2944505091127,21.2628550476253 81.2944464711375,21.2628965104593 81.2944359614931,21.2629221989006 81.2944285524956,21.2629379732933 81.2944041701858,21.2629794361273 81.2943945259884,21.2630007398482 81.2943866269734,21.2630208989613 81.2943668696728,21.2630623617953 81.2943530904836,21.2630783284382 81.2943318810435,21.2631038246293 81.2943116549788,21.2631226742603 81.2942793194196,21.2631452874633 81.294270219474,21.263152513835 81.2942287839692,21.263186625032 81.2942286658203,21.2631867502973 81.294199503247,21.2632282131313 81.2941873484644,21.2632504079128 81.2941773180356,21.2632696759653 81.2941550727735,21.2633111387993 81.2941459129597,21.263328211731 81.2941242600987,21.2633526016333 81.2941044774549,21.2633705326768 81.2940630419501,21.2633805346182 81.2940216064453,21.2633822635401 81.2939801709405,21.2633842206075 81.2939387354357,21.2633730716553 81.2939169792333,21.2633526016333 81.293897299931,21.2633283268109 81.2938880765676,21.2633111387993 81.2938705435488,21.2632696759653 81.2938621100353,21.2632282131313 81.2938690146163,21.2631867502973 81.2938859671433,21.2631452874633 81.293897299931,21.2631237808224 81.2939110521531,21.2631038246293 81.2939364369434,21.2630623617953 81.2939387354357,21.2630521512781 81.2939458018809,21.2630208989613 81.2939480844062,21.2629794361273 81.2939500795599,21.2629379732933 81.2939620462988,21.2628965104593 81.2939801709405,21.2628624784755 81.2939842387915,21.2628550476253 81.2940056927612,21.2628135847913 81.2940210917185,21.2627721219573 81.2940216064453,21.2627703769702 81.2940331587599,21.2627306591233 81.2940472092591,21.2626891962893 81.2940630419501,21.2626544049925 81.2940672629294,21.2626477334553 81.2941004693216,21.2626062706213 81.2941044774549,21.2625980934448 81.2941459129597,21.2625691928619 81.2941873484644,21.2625760939891 81.2942287839692,21.2625808256226 81.294270219474,21.2625880369969</coordinates>
        </LineString>
        <Style>
          <LineStyle>
            <color>#ff37ff00</color>
            <width>2</width>
          </LineStyle>
        </Style>
      </Placemark>
      <Placemark>
        <name xmlns:py="http://codespeak.net/lxml/objectify/pytype" py:pytype="str">282.0</name>
        <Style>
          <LineStyle>
            <color>ff0000ff</color>
          </LineStyle>
          <PolyStyle>
            <fill>0</fill>
          </PolyStyle>
        </Style>
        <ExtendedData>
          <SchemaData schemaUrl="#contour">
            <SimpleData name="ID">71</SimpleData>
          </SchemaData>
        </ExtendedData>
        <LineString>
          <coordinates>81.2911526372627,21.2634977215523 81.2911526372627,21.2634769901353 81.2911625566154,21.2634741147208 81.2912039921201,21.2634636206978 81.2912454276249,21.2634519262211 81.2912868631297,21.2634362699293 81.2912885378273,21.2634355273013 81.2913282986345,21.2634119976139 81.2913509818082,21.2633940644673 81.2913649827702,21.2633526016333 81.2913649827702,21.2633111387993 81.2913649827702,21.2632696759653 81.2913649827702,21.2632282131313 81.2913649827702,21.2631867502973 81.2913649827702,21.2631452874633 81.2913649827702,21.2631038246293 81.2913697341393,21.2630858679718 81.2913756814355,21.2630623617953 81.2914019414942,21.2630208989613 81.2914111696441,21.263007031234 81.2914252335322,21.2629794361273 81.29144129793,21.2629379732933 81.2914526051488,21.2628998616863 81.2914535623028,21.2628965104593 81.2914670670746,21.2628550476253 81.2914856173364,21.2628135847913 81.2914940406536,21.2627986920183 81.2915130387139,21.2627721219573 81.2915354761584,21.2627476912163 81.2915529937347,21.2627306591233 81.2915769116632,21.2627082292111 81.2915973356955,21.2626891962893 81.291618347168,21.2626696159389 81.2916418260637,21.2626477334553 81.2916597826728,21.2626309977788 81.2916929088135,21.2626062706213 81.2917012181775,21.2625999427396 81.2917426536823,21.2625878217597 81.2917840891871,21.2625915423443 81.2918255246919,21.2625964826736 81.2918468745113,21.2626062706213 81.2918656631877,21.2626477334553 81.2918669601967,21.2626524679658 81.2918721377387,21.2626891962893 81.2918816942021,21.2627306591233 81.2919083957014,21.2627711095202 81.2919090723065,21.2627721219573 81.2919498312062,21.2628101047091 81.291953565174,21.2628135847913 81.291991266711,21.2628487228691 81.2919977784359,21.2628550476253 81.2920327022158,21.2628894101842 81.2920380055462,21.2628965104593 81.2920681173918,21.2629379732933 81.2920741377206,21.2629461749479 81.2920919838351,21.2629794361273 81.2921142305052,21.2630208989613 81.2921155732253,21.2630237507844 81.2921342185301,21.2630623617953 81.2921499109403,21.2631038246293 81.2921570087301,21.263122989744 81.2921667318883,21.2631452874633 81.2921905228035,21.2631867502973 81.2921984442349,21.2632010620317 81.2922168939986,21.2632282131313 81.2922242988152,21.2632696759653 81.2922242988152,21.2633111387993 81.2922242988152,21.2633526016333 81.2922130785299,21.2633940644673 81.2921984442349,21.2634123302312 81.2921839297397,21.2634355273013 81.2921621557889,21.2634769901353 81.2921621557889,21.2634977215523</coordinates>
        </LineString>
        <Style>
          <LineStyle>
            <color>#ff00ff0b</color>
            <width>2</width>
          </LineStyle>
        </Style>
      </Placemark>
      <Placemark>
        <name xmlns:py="http://codespeak.net/lxml/objectify/pytype" py:pytype="str">285.0</name>
        <Style>
          <LineStyle>
            <color>ff0000ff</color>
          </LineStyle>
          <PolyStyle>
            <fill>0</fill>
          </PolyStyle>
        </Style>
        <ExtendedData>
          <SchemaData schemaUrl="#contour">
            <SimpleData name="ID">72</SimpleData>
          </SchemaData>
        </ExtendedData>
        <LineString>
          <coordinates>81.3123532716908,21.2632904073823 81.3123532716908,21.2632696759653 81.3123360995589,21.2632536734522 81.3123080468497,21.2632282131313 81.3122946640541,21.2632157632591 81.3122642902556,21.2631867502973 81.3122532285493,21.26317644202 81.3122197969154,21.2631452874633 81.3122117930445,21.2631378287477 81.3121753081936,21.2631038246293 81.3121703575397,21.2630974290549 81.3121432094166,21.2630623617953 81.3121346016517,21.2630208989613 81.3121346016517,21.2629794361273 81.3121346016517,21.2629379732933 81.3121508408925,21.2628965104593 81.3121703575397,21.262875294397 81.3121889825369,21.2628550476253 81.3122117930445,21.2628337907746 81.312233475877,21.2628135847913 81.3122532285493,21.2627951775023 81.3122779692171,21.2627721219573 81.3122946640541,21.2627565623958 81.3123224573123,21.2627306591233 81.3123360995589,21.26271794607 81.3123669506524,21.2626891962893 81.3123775350636,21.2626793327978 81.3124114439926,21.2626477334553 81.3124189705684,21.2626407186986 81.3124604060732,21.2626070494918 81.312472999979,21.2626062706213 81.312501841578,21.2626045659769 81.3125040788902,21.2626062706213 81.3125432770828,21.2626293272062 81.3125847125876,21.2626466375613 81.312587868502,21.2626477334553 81.3126261480923,21.2626593025845 81.3126468658447,21.2626593025845</coordinates>
        </LineString>
        <Style>
          <LineStyle>
            <color>#ff00ff70</color>
            <width>2</width>
          </LineStyle>
        </Style>
      </Placemark>
      <Placemark>
        <name xmlns:py="http://codespeak.net/lxml/objectify/pytype" py:pytype="str">286.0</name>
        <Style>
          <LineStyle>
            <color>ff0000ff</color>
          </LineStyle>
          <PolyStyle>
            <fill>0</fill>
          </PolyStyle>
        </Style>
        <ExtendedData>
          <SchemaData schemaUrl="#contour">
            <SimpleData name="ID">73</SimpleData>
          </SchemaData>
        </ExtendedData>
        <LineString>
          <coordinates>81.3086897751381,21.2625920720552 81.3086973454732,21.2626062706213 81.3086973480661,21.2626477334553 81.3086973434516,21.2626891962893 81.3086927793457,21.2627306591233 81.3086897751381,21.2627353255366 81.3086688475857,21.2627721219573 81.3086483396333,21.2627912330832 81.3086243542455,21.2628135847913 81.3086069041285,21.2628298463555 81.3085798609054,21.2628550476253 81.3085654686237,21.2628684596277 81.3085240331189,21.2628961134078 81.3085219936763,21.2628965104593 81.3084825976142,21.2629031937939 81.3084411621094,21.2629013253058 81.3083997266046,21.2628998475083 81.3083582910998,21.2628984272933 81.308316855595,21.2628965512723 81.3083161344952,21.2628965104593 81.3082754200903,21.2628917440192 81.3082339845855,21.2628832595428 81.3081976362348,21.2628550476253 81.3081925490807,21.2628207416032 81.3081921390047,21.2628135847913 81.3081902690317,21.2627721219573 81.3081925490807,21.2627685359825 81.3082240160022,21.2627306591233 81.3082339845855,21.2627249615651 81.3082754200903,21.2627035780279 81.3083027255634,21.2626891962893 81.308316855595,21.262682612482 81.3083582910998,21.2626664126971 81.3083997266046,21.2626530764876 81.3084159796942,21.2626477334553 81.3084411621094,21.2626381161764 81.3084825976142,21.2626173834432 81.3085062215895,21.2626062706213 81.3085240331189,21.2625958891613 81.3085654686237,21.2625854022477 81.3086069041285,21.2625853998803 81.3086483396333,21.2625854106507 81.3086897751381,21.2625920720552</coordinates>
        </LineString>
        <Style>
          <LineStyle>
            <color>#ff00ff91</color>
            <width>2</width>
          </LineStyle>
        </Style>
      </Placemark>
      <Placemark>
        <name xmlns:py="http://codespeak.net/lxml/objectify/pytype" py:pytype="str">289.0</name>
        <Style>
          <LineStyle>
            <color>ff0000ff</color>
          </LineStyle>
          <PolyStyle>
            <fill>0</fill>
          </PolyStyle>
        </Style>
        <ExtendedData>
          <SchemaData schemaUrl="#contour">
            <SimpleData name="ID">74</SimpleData>
          </SchemaData>
        </ExtendedData>
        <LineString>
          <coordinates>81.3033209269887,21.2633733330503 81.3033209269887,21.2633526016333 81.303333526491,21.2633111387993 81.3033445950212,21.2632805836249 81.3033502222472,21.2632696759653 81.3033752324662,21.2632282131313 81.303386030526,21.2632109752332 81.3034043900779,21.2631867502973 81.3034272078874,21.2631452874633 81.3034274660308,21.2631447421906 81.3034439837162,21.2631038246293 81.3034531435535,21.2630623617953 81.3034555285382,21.2630208989613 81.3034555284429,21.2629794361273 81.3034555238985,21.2629379732933 81.303455539829,21.2628965104593 81.3034689015356,21.2628550548497 81.3035103370403,21.2628550493851 81.3035103374748,21.2628550476253 81.3035103374748,21.2628135847913 81.3035103374748,21.2627721219573 81.3035517725451,21.2627381849861 81.3035560316381,21.2627306591233 81.3035932080499,21.2626981456825 81.3036019409759,21.2626891962893 81.3036346435547,21.2626587211308 81.3036464343161,21.2626477334553 81.3036760790595,21.2626201078585 81.3036961138868,21.2626062706213 81.3037175145643,21.2625919672207 81.303758950069,21.2625827683456 81.3038003855738,21.2625808338093 81.3038418210786,21.2625792219211 81.3038832565834,21.2625783801414 81.3039246920882,21.2625790867126 81.3039661275929,21.2625806714872 81.3040075630977,21.2625825720324 81.3040489986025,21.2625848886569 81.3040904341073,21.2625877805839 81.3041318696121,21.2625914848067 81.3041733051168,21.2625964046371 81.3042147406216,21.2626031606952 81.3042561761264,21.2626062052912 81.3042973877831,21.2626062706213 81.3042975404159,21.2626477334553 81.304297569288,21.2626891962893 81.3042561761264,21.262690705744 81.3042427294319,21.2627306591233 81.3042147406216,21.2627491417975 81.3042047793772,21.2627721219573 81.3041777144128,21.2628135847913 81.3041733051168,21.2628221692889 81.3041591308783,21.2628550476253 81.3041405756371,21.2628965104593 81.3041318696121,21.2629073302715 81.3041083772544,21.2629379732933 81.3040904341073,21.2629546952922 81.3040615482444,21.2629794361273 81.3040489986025,21.2629905878851 81.3040131448186,21.2630208989613 81.3040075630977,21.2630268888957 81.3039783405535,21.2630623617953 81.3039661275929,21.2630923944755 81.3039620173372,21.2631038246293 81.3039540481041,21.2631452874633 81.3039475755754,21.2631867502973 81.3039529765586,21.2632282131313 81.3039661275929,21.2632470907629 81.3039806168767,21.2632696759653 81.3040075630977,21.2633055927607 81.3040113655146,21.2633111387993 81.3040378355875,21.2633526016333 81.3040378355875,21.2633733330503</coordinates>
        </LineString>
        <Style>
          <LineStyle>
            <color>#ff00fff6</color>
            <width>2</width>
          </LineStyle>
        </Style>
      </Placemark>
      <Placemark>
        <name xmlns:py="http://codespeak.net/lxml/objectify/pytype" py:pytype="str">293.0</name>
        <Style>
          <LineStyle>
            <color>ff0000ff</color>
          </LineStyle>
          <PolyStyle>
            <fill>0</fill>
          </PolyStyle>
        </Style>
        <ExtendedData>
          <SchemaData schemaUrl="#contour">
            <SimpleData name="ID">75</SimpleData>
          </SchemaData>
        </ExtendedData>
        <LineString>
          <coordinates>81.3009413381725,21.2626062706213 81.3009413357439,21.2626062682951 81.3008999002391,21.2626062698107 81.3008584647343,21.2626062701305 81.3008584626262,21.2626062706213 81.3008584626262,21.2626477334553 81.3008584626262,21.2626891962893 81.3008584626262,21.2627306591233 81.3008584626262,21.2627721219573 81.3008584626262,21.2628135847913 81.3008584626262,21.2628550476253 81.3008584647343,21.2628550487472 81.3008999002391,21.2628550487472 81.3009413357439,21.2628550487472 81.3009413359319,21.2628550476253 81.300941335966,21.2628135847913 81.3009413360153,21.2627721219573 81.3009413360928,21.2627306591233 81.3009413362321,21.2626891962893 81.3009413365569,21.2626477334553 81.3009413381725,21.2626062706213</coordinates>
        </LineString>
        <Style>
          <LineStyle>
            <color>#ff0082ff</color>
            <width>2</width>
          </LineStyle>
        </Style>
      </Placemark>
      <Placemark>
        <name xmlns:py="http://codespeak.net/lxml/objectify/pytype" py:pytype="str">272.0</name>
        <Style>
          <LineStyle>
            <color>ff0000ff</color>
          </LineStyle>
          <PolyStyle>
            <fill>0</fill>
          </PolyStyle>
        </Style>
        <ExtendedData>
          <SchemaData schemaUrl="#contour">
            <SimpleData name="ID">76</SimpleData>
          </SchemaData>
        </ExtendedData>
        <LineString>
          <coordinates>81.2826220664994,21.2635806472203 81.2826220664994,21.2635599158033 81.2825854071255,21.2635189754832 81.2825849539206,21.2635184529693 81.2825627039219,21.2634769901353 81.2825439716208,21.2634419889147 81.2825405046754,21.2634355273013 81.2825182596326,21.2633940644673 81.282502536116,21.2633647609368 81.2824960117482,21.2633526016333 81.282473766486,21.2633111387993 81.2824611006112,21.2632875309379 81.2824511010142,21.2632696759653 81.2824330348416,21.2632282131313 81.282426819497,21.2631867502973 81.2824253375028,21.2631452874633 81.2824237215838,21.2631038246293 81.2824196651064,21.2630833036836 81.282413264612,21.2630623617953 81.2823797275644,21.2630208989613 81.2823782296016,21.2630193984202 81.2823367940968,21.262980785148 81.2823353464767,21.2629794361273 81.2822953585921,21.2629421674824 81.2822897109887,21.2629379732933 81.2822539230873,21.2629119567407 81.2822124875825,21.2629031460275 81.2821710520777,21.2629012876262 81.2821296165729,21.2628998172294 81.2821071081177,21.2628965104593 81.2820881810682,21.2628929070594 81.2820467455634,21.2628686974658 81.2820300087664,21.2628550476253 81.2820053100586,21.2628320311824 81.2819855154263,21.2628135847913 81.2819638745538,21.2627934155325 81.2819444458069,21.2627721219573 81.2819398695509,21.2627306591233 81.2819638745538,21.2626995963263 81.2819730113449,21.2626891962893 81.2820053100586,21.262659097488 81.282017504685,21.2626477334553 81.2820467455634,21.2626204842157 81.2820683318134,21.2626062706213 81.2820881810682,21.2625926867426 81.2821296165729,21.2625819877656 81.2821710520777,21.2625777147663 81.2822124875825,21.2625716100299 81.2822521709574,21.2625648077873 81.2822539230873,21.2625629254255 81.2822953585921,21.2625233492656 81.2823367940968,21.2625233492656 81.2823782296016,21.2625233492656 81.2824196651064,21.2625487319861 81.2824307364979,21.2625648077873 81.2824611006112,21.262569569481 81.282502536116,21.2625763439308 81.2825439716208,21.2625810035597 81.2825854071255,21.2625847776421 81.2826247047496,21.2626062706213 81.2826268426303,21.2626072331062 81.2826682781351,21.2626309489644 81.2827094818209,21.2626477334553 81.2827097136399,21.2626478140004 81.2827511491447,21.2626603512219 81.2827925846494,21.2626590496618 81.2828340201542,21.2626477961105 81.2828342004579,21.2626477334553 81.282875455659,21.2626309237255 81.2829168911638,21.2626070148044 81.2829188717854,21.2626062706213 81.2829583266686,21.2625891017662 81.2829997621734,21.2625853999033 81.2830411976781,21.2625853999033 81.2830826331829,21.2625853999033 81.2831240686877,21.2625997161406 81.2831324978461,21.2626062706213 81.2831655041925,21.262631936228 81.2831824538889,21.2626477334553 81.2832069396973,21.262670554388 81.2832269441296,21.2626891962893 81.283248375202,21.2627087639885 81.2832719553773,21.2627306591233 81.2832898107068,21.2627470980069 81.2833164698584,21.2627721219573 81.2833312462116,21.2627863990926 81.283360418905,21.2628135847913 81.2833726817164,21.2628250123648 81.2834049122451,21.2628550476253 81.2834141172212,21.2628636256371 81.2834494011189,21.2628965104593 81.283455552726,21.2629022437971 81.2834938936804,21.2629379732933 81.2834969882307,21.2629408570694 81.2835383870205,21.2629794361273 81.2835384237355,21.2629794703416 81.2835798592403,21.2630180881703 81.2835828751157,21.2630208989613 81.2836212947451,21.2630567017739 81.2836273684558,21.2630623617953 81.2836627302499,21.2630953150462 81.2836718617959,21.2631038246293 81.2837041657546,21.2631339283184 81.2837163535933,21.2631452874633 81.2837456012594,21.2631725464784 81.2837608838558,21.2631867502973 81.2837870367642,21.2632111203096 81.2838051820298,21.2632282131313 81.283828472269,21.2632539520536 81.2838397631035,21.2632696759653 81.283862625919,21.2633111387993 81.2838699077738,21.2633281095965 81.2838788757495,21.2633526016333 81.2838910056097,21.2633940644673 81.2839004145591,21.2634355273013 81.2839079247166,21.2634769901353 81.2839113432786,21.2634991098168 81.2839140588698,21.2635184529693 81.2839140588698,21.2635391843863</coordinates>
        </LineString>
        <Style>
          <LineStyle>
            <color>#ffffbb00</color>
            <width>2</width>
          </LineStyle>
        </Style>
      </Placemark>
      <Placemark>
        <name xmlns:py="http://codespeak.net/lxml/objectify/pytype" py:pytype="str">285.0</name>
        <Style>
          <LineStyle>
            <color>ff0000ff</color>
          </LineStyle>
          <PolyStyle>
            <fill>0</fill>
          </PolyStyle>
        </Style>
        <ExtendedData>
          <SchemaData schemaUrl="#contour">
            <SimpleData name="ID">77</SimpleData>
          </SchemaData>
        </ExtendedData>
        <LineString>
          <coordinates>81.3097670982624,21.262515441634 81.3097916770505,21.2625233449533 81.3098085337672,21.2625297834644 81.309849969272,21.2625495133944 81.3098744164655,21.2625648077873 81.3098914047767,21.2625785081621 81.309922273429,21.2626062706213 81.3099328402815,21.2626156464426 81.3099672684655,21.2626477334553 81.3099742757863,21.2626542634973 81.3100117618056,21.2626891962893 81.3100157112911,21.2626931151439 81.3100506681068,21.2627306591233 81.3100571467959,21.2627439467094 81.3100662692356,21.2627721219573 81.3100683954653,21.2628135847913 81.3100702591546,21.2628550476253 81.3100683677173,21.2628965104593 81.3100571467959,21.2629273319908 81.3100530090773,21.2629379732933 81.3100208817881,21.2629794361273 81.3100157112911,21.262985019431 81.3099757663015,21.2630208989613 81.3099742757863,21.263022191457 81.3099328402815,21.2630525754425 81.30990542259,21.2630623617953 81.3098914047767,21.2630690099802 81.309849969272,21.2630721302479 81.3098085337672,21.2630702450556 81.3097670982624,21.2630681214168 81.3097567969812,21.2630623617953 81.3097256627576,21.2630446395132 81.3097091957585,21.2630208989613 81.3096842272528,21.2629833316688 81.3096821371201,21.2629794361273 81.30965989045,21.2629379732933 81.3096457654752,21.2628965104593 81.309642791748,21.2628576519025 81.309642592438,21.2628550476253 81.309642592438,21.2628135847913 81.309642592438,21.2627721219573 81.309637275368,21.2627306591233 81.3096242394869,21.2626891962893 81.3096048069997,21.2626477334553 81.3096013562433,21.2626416960122 81.3095758226787,21.2626062706213 81.3095857764452,21.2625648077873 81.3096013562433,21.2625541638186 81.309642791748,21.2625323781236 81.3096653672493,21.2625233449533 81.3096842272528,21.2625171648029 81.3097256627576,21.2625106465043 81.3097670982624,21.262515441634</coordinates>
        </LineString>
        <Style>
          <LineStyle>
            <color>#ff00ff70</color>
            <width>2</width>
          </LineStyle>
        </Style>
      </Placemark>
      <Placemark>
        <name xmlns:py="http://codespeak.net/lxml/objectify/pytype" py:pytype="str">286.0</name>
        <Style>
          <LineStyle>
            <color>ff0000ff</color>
          </LineStyle>
          <PolyStyle>
            <fill>0</fill>
          </PolyStyle>
        </Style>
        <ExtendedData>
          <SchemaData schemaUrl="#contour">
            <SimpleData name="ID">78</SimpleData>
          </SchemaData>
        </ExtendedData>
        <LineString>
          <coordinates>81.3001126256482,21.262513383733 81.3001396822633,21.2625233449533 81.300154061153,21.2625287215415 81.3001954966578,21.2625485472613 81.3002297720396,21.2625648077873 81.3002369321626,21.2625694364515 81.3002783676674,21.2626009457653 81.3002827323354,21.2626062706213 81.3003016984923,21.2626477334553 81.3003178226013,21.2626891962893 81.3003198031721,21.262695985338 81.3003277455121,21.2627306591233 81.3003266483301,21.2627721219573 81.3003198031721,21.2627963741747 81.3003133207715,21.2628135847913 81.3002952350722,21.2628550476253 81.3002783676674,21.2628865797026 81.3002573842332,21.2628965104593 81.3002369321626,21.2629057287671 81.3001954966578,21.2629057287671 81.300154061153,21.2629057287671 81.3001126256482,21.2629006702258 81.3001057348965,21.2628965104593 81.3000711901435,21.2628755227266 81.300049822011,21.2628550476253 81.3000297546387,21.2628363470709 81.3000053286708,21.2628135847913 81.2999883191339,21.2627977337987 81.2999603611059,21.2627721219573 81.2999468836291,21.2627491032499 81.2999361302682,21.2627306591233 81.2999323392424,21.2626891962893 81.2999323392424,21.2626477334553 81.2999323392424,21.2626062706213 81.2999468836291,21.2625828633659 81.2999599003048,21.2625648077873 81.2999883191339,21.2625469253128 81.3000297546387,21.2625276182365 81.3000410466698,21.2625233449533 81.3000711901435,21.262513826101 81.3001126256482,21.262513383733</coordinates>
        </LineString>
        <Style>
          <LineStyle>
            <color>#ff00ff91</color>
            <width>2</width>
          </LineStyle>
        </Style>
      </Placemark>
      <Placemark>
        <name xmlns:py="http://codespeak.net/lxml/objectify/pytype" py:pytype="str">275.0</name>
        <Style>
          <LineStyle>
            <color>ff0000ff</color>
          </LineStyle>
          <PolyStyle>
            <fill>0</fill>
          </PolyStyle>
        </Style>
        <ExtendedData>
          <SchemaData schemaUrl="#contour">
            <SimpleData name="ID">79</SimpleData>
          </SchemaData>
        </ExtendedData>
        <LineString>
          <coordinates>81.2837456254768,21.2624818821193 81.2837456012594,21.2624818410296 81.2837041657546,21.2624818176228 81.2836627302499,21.2624817322491 81.2836627288071,21.2624818821193 81.2836627294169,21.2625233449533 81.2836627302499,21.2625233502386 81.2837041657546,21.262523352457 81.2837456012594,21.2625233578848 81.2837456423221,21.2625233449533 81.2837456254768,21.2624818821193</coordinates>
        </LineString>
        <Style>
          <LineStyle>
            <color>#ffe0ff00</color>
            <width>2</width>
          </LineStyle>
        </Style>
      </Placemark>
      <Placemark>
        <name xmlns:py="http://codespeak.net/lxml/objectify/pytype" py:pytype="str">286.0</name>
        <Style>
          <LineStyle>
            <color>ff0000ff</color>
          </LineStyle>
          <PolyStyle>
            <fill>0</fill>
          </PolyStyle>
        </Style>
        <ExtendedData>
          <SchemaData schemaUrl="#contour">
            <SimpleData name="ID">80</SimpleData>
          </SchemaData>
        </ExtendedData>
        <LineString>
          <coordinates>81.3121385516386,21.2632904073823 81.3121385516386,21.2632696759653 81.312128922035,21.2632375908666 81.3121265908564,21.2632282131313 81.3120924273207,21.2631867502973 81.3120874865302,21.2631821460312 81.3120479339806,21.2631452874633 81.3120460510254,21.2631435327589 81.3120046155206,21.2631049193576 81.3120033669932,21.2631038246293 81.3119715307514,21.2630623617953 81.3119654836221,21.2630208989613 81.3119677100019,21.2629794361273 81.3119696966827,21.2629379732933 81.311983944287,21.2628965104593 81.3120046155206,21.2628686405016 81.312017119602,21.2628550476253 81.3120460510254,21.2628280867633 81.3120616129422,21.2628135847913 81.3120874865302,21.2627894734911 81.3121061039257,21.2627721219573 81.312128922035,21.2627515957552 81.3121513313416,21.2627306591233 81.3121703575397,21.2627122420588 81.3121950877176,21.2626891962893 81.3122117930445,21.2626736287865 81.3122395775407,21.2626477334553 81.3122532285493,21.2626350106265 81.3122840691529,21.2626062706213 81.3122946640541,21.2625963973542 81.312328562493,21.2625648077873 81.3123360995589,21.262557784082 81.3123730511557,21.2625233449533 81.3123775350636,21.2625191664145 81.3124175441088,21.2624818821193 81.3124189705684,21.2624805526497 81.3124604060732,21.2624472385088 81.312501841578,21.2624471210412 81.3125391125523,21.2624818821193 81.3125432770828,21.2624857634551 81.3125836057523,21.2625233449533 81.3125847125876,21.2625243532117 81.3126261480923,21.2625614831832 81.3126468658447,21.2625614831832</coordinates>
        </LineString>
        <Style>
          <LineStyle>
            <color>#ff00ff91</color>
            <width>2</width>
          </LineStyle>
        </Style>
      </Placemark>
      <Placemark>
        <name xmlns:py="http://codespeak.net/lxml/objectify/pytype" py:pytype="str">287.0</name>
        <Style>
          <LineStyle>
            <color>ff0000ff</color>
          </LineStyle>
          <PolyStyle>
            <fill>0</fill>
          </PolyStyle>
        </Style>
        <ExtendedData>
          <SchemaData schemaUrl="#contour">
            <SimpleData name="ID">81</SimpleData>
          </SchemaData>
        </ExtendedData>
        <LineString>
          <coordinates>81.3071152267443,21.2624818821193 81.3071152259564,21.2624818549818 81.3070737904516,21.2624818549818 81.3070323549468,21.2624818549818 81.3070323528741,21.2624818821193 81.3070323514925,21.2625233449533 81.3070323549468,21.2625233512125 81.3070737904516,21.2625233545847 81.3071152259564,21.2625233658346 81.3071152272707,21.2625233449533 81.3071152267443,21.2624818821193</coordinates>
        </LineString>
        <Style>
          <LineStyle>
            <color>#ff00ffb3</color>
            <width>2</width>
          </LineStyle>
        </Style>
      </Placemark>
      <Placemark>
        <name xmlns:py="http://codespeak.net/lxml/objectify/pytype" py:pytype="str">291.0</name>
        <Style>
          <LineStyle>
            <color>ff0000ff</color>
          </LineStyle>
          <PolyStyle>
            <fill>0</fill>
          </PolyStyle>
        </Style>
        <ExtendedData>
          <SchemaData schemaUrl="#contour">
            <SimpleData name="ID">82</SimpleData>
          </SchemaData>
        </ExtendedData>
        <LineString>
          <coordinates>81.3017700667071,21.2624818821193 81.3017700458395,21.2624818433732 81.3017286103347,21.2624818232153 81.3016871748299,21.2624817593368 81.3016871728246,21.2624818821193 81.3016871736725,21.2625233449533 81.3016871748299,21.2625233504083 81.3017286103347,21.2625233528038 81.3017700458395,21.2625233589506 81.3017700805954,21.2625233449533 81.3017700667071,21.2624818821193</coordinates>
        </LineString>
        <Style>
          <LineStyle>
            <color>#ff00c6ff</color>
            <width>2</width>
          </LineStyle>
        </Style>
      </Placemark>
      <Placemark>
        <name xmlns:py="http://codespeak.net/lxml/objectify/pytype" py:pytype="str">279.0</name>
        <Style>
          <LineStyle>
            <color>ff0000ff</color>
          </LineStyle>
          <PolyStyle>
            <fill>0</fill>
          </PolyStyle>
        </Style>
        <ExtendedData>
          <SchemaData schemaUrl="#contour">
            <SimpleData name="ID">83</SimpleData>
          </SchemaData>
        </ExtendedData>
        <LineString>
          <coordinates>81.281445930744,21.2624997878942 81.2814666484964,21.2624997878942 81.2814699597715,21.2624818821193 81.2814788563225,21.2624404192853 81.2814751926946,21.2623989564513 81.2814666484964,21.2623743648716 81.281445930744,21.2623743648716</coordinates>
        </LineString>
        <Style>
          <LineStyle>
            <color>#ff59ff00</color>
            <width>2</width>
          </LineStyle>
        </Style>
      </Placemark>
      <Placemark>
        <name xmlns:py="http://codespeak.net/lxml/objectify/pytype" py:pytype="str">275.0</name>
        <Style>
          <LineStyle>
            <color>ff0000ff</color>
          </LineStyle>
          <PolyStyle>
            <fill>0</fill>
          </PolyStyle>
        </Style>
        <ExtendedData>
          <SchemaData schemaUrl="#contour">
            <SimpleData name="ID">84</SimpleData>
          </SchemaData>
        </ExtendedData>
        <LineString>
          <coordinates>81.2835798617922,21.2623160307833 81.2835798592403,21.2623160290371 81.2835384237355,21.2623160290371 81.2834969882307,21.2623160290371 81.2834969876136,21.2623160307833 81.2834969876136,21.2623574936173 81.2834969876136,21.2623989564513 81.2834969882307,21.2623989570027 81.2835384237355,21.2623989572491 81.2835798592403,21.2623989578935 81.2835798698424,21.2623989564513 81.2835798633539,21.2623574936173 81.2835798617922,21.2623160307833</coordinates>
        </LineString>
        <Style>
          <LineStyle>
            <color>#ffe0ff00</color>
            <width>2</width>
          </LineStyle>
        </Style>
      </Placemark>
      <Placemark>
        <name xmlns:py="http://codespeak.net/lxml/objectify/pytype" py:pytype="str">273.0</name>
        <Style>
          <LineStyle>
            <color>ff0000ff</color>
          </LineStyle>
          <PolyStyle>
            <fill>0</fill>
          </PolyStyle>
        </Style>
        <ExtendedData>
          <SchemaData schemaUrl="#contour">
            <SimpleData name="ID">85</SimpleData>
          </SchemaData>
        </ExtendedData>
        <LineString>
          <coordinates>81.2825302412066,21.2635806472203 81.2825302412066,21.2635599158033 81.282502536116,21.2635234595167 81.2824990641453,21.2635184529693 81.2824768188832,21.2634769901353 81.2824611006112,21.263447692926 81.2824533845427,21.2634355273013 81.2824272487602,21.2633940644673 81.2824196651064,21.2633813820823 81.2823970233308,21.2633526016333 81.2823782296016,21.2633207124437 81.2823732657689,21.2633111387993 81.2823557327456,21.2632696759653 81.2823427983968,21.2632282131313 81.2823367940968,21.2632077468946 81.2823301671661,21.2631867502973 81.2823132133429,21.2631452874633 81.2822953585921,21.2631130688229 81.2822894513641,21.2631038246293 81.2822539230873,21.2630637262447 81.2822524040564,21.2630623617953 81.2822124875825,21.263032909351 81.2821891185705,21.2630208989613 81.2821710520777,21.2630128050658 81.2821296165729,21.2629979415974 81.2820881810682,21.2629847032196 81.2820752250726,21.2629794361273 81.2820467455634,21.2629682676049 81.2820053100586,21.2629489609688 81.2819817285359,21.2629379732933 81.2819638745538,21.2629277966774 81.281922439049,21.2628973793343 81.2819217283241,21.2628965104593 81.2818959117346,21.2628550476253 81.2818810035442,21.262831253683 81.2818717499898,21.2628135847913 81.2818463339094,21.2627721219573 81.2818395680395,21.2627460771826 81.2818350187978,21.2627306591233 81.2818395680395,21.2627101508914 81.2818449463807,21.2626891962893 81.2818643802616,21.2626477334553 81.2818810035442,21.2626213784881 81.2818932670543,21.2626062706213 81.281922439049,21.2625764177786 81.2819346675505,21.2625648077873 81.2819638745538,21.2625375487722 81.2819791165256,21.2625233449533 81.2820053100586,21.2624989355 81.2820236075496,21.2624818821193 81.2820467455634,21.2624602177395 81.2820684935399,21.2624404192853 81.2820877880817,21.2623989564513 81.2820881810682,21.2623956819926 81.2820947235163,21.2623574936173 81.2821053737104,21.2623160307833 81.2821296165729,21.2622823598699 81.2821608283707,21.2622745679493 81.2821710520777,21.2622737046591 81.2822124875825,21.2622698564672 81.2822539230873,21.2622658495907 81.2822953585921,21.2622623117854 81.2823367940968,21.2622580244077 81.2823782296016,21.2622510191738 81.2824196651064,21.2622396476275 81.2824611006112,21.2622331057335 81.282502536116,21.2622331059964 81.2825439716208,21.2622331066487 81.2825854071255,21.2622360434264 81.2826129529822,21.2622745679493 81.2826268426303,21.2623111166697 81.2826681936214,21.2623160307833 81.2826682314214,21.2623574936173 81.2826682458579,21.2623989564513 81.2826682781351,21.2623989571656 81.2827097136399,21.262398957642 81.2827511491447,21.2623989600261 81.2827925846494,21.2624242676586 81.2828340201542,21.2624252338095 81.282875455659,21.2624252335427 81.2829168911638,21.2624252334283 81.2829583266686,21.2624252355001 81.2829997621734,21.2624252379153 81.2830411976781,21.2624252379153 81.2830826331829,21.2624252379153 81.2831240686877,21.2624394768305 81.2831252144279,21.2624404192853 81.2831655041925,21.2624717563351 81.2831763508537,21.2624818821193 81.2832069396973,21.2625103875122 81.2832208441939,21.2625233449533 81.283248375202,21.2625490038092 81.283265332289,21.2625648077873 81.2832898107068,21.2625876189445 81.2833098256291,21.2626062706213 81.2833312462116,21.2626262322168 81.2833543189693,21.2626477334553 81.2833726817164,21.2626648475065 81.2833988070644,21.2626891962893 81.2834141172212,21.262703463649 81.2834433004045,21.2627306591233 81.283455552726,21.2627420769213 81.2834877937447,21.2627721219573 81.2834969882307,21.2627806912037 81.2835322818398,21.2628135847913 81.2835384237355,21.2628193083536 81.28357677518,21.2628550476253 81.2835798592403,21.2628579216258 81.2836212685201,21.2628965104593 81.2836212947451,21.2628965348981 81.2836627302499,21.2629351530581 81.2836657566152,21.2629379732933 81.2837041657546,21.2629737663304 81.2837102499553,21.2629794361273 81.2837456012594,21.2630123796026 81.283754842729,21.2630208989613 81.2837870367642,21.2630505914166 81.2838170775052,21.2630623617953 81.283828472269,21.2630673645134 81.2838699077738,21.263071611249 81.2839113432786,21.2630781063813 81.2839527787833,21.2630906881505 81.2839942142881,21.2631015350343 81.2840356383894,21.2631038246293 81.2840356443195,21.2631452874633 81.2840356462016,21.2631867502973 81.2840046157934,21.2632282131313 81.2839942142881,21.263241756547 81.2839906606549,21.2632696759653 81.2839865819834,21.2633111387993 81.2839841790292,21.2633526016333 81.2839825925975,21.2633940644673 81.2839814703482,21.2634355273013 81.2839806341954,21.2634769901353 81.2839799851128,21.2635184529693 81.2839799851128,21.2635391843863</coordinates>
        </LineString>
        <Style>
          <LineStyle>
            <color>#ffffdc00</color>
            <width>2</width>
          </LineStyle>
        </Style>
      </Placemark>
      <Placemark>
        <name xmlns:py="http://codespeak.net/lxml/objectify/pytype" py:pytype="str">281.0</name>
        <Style>
          <LineStyle>
            <color>ff0000ff</color>
          </LineStyle>
          <PolyStyle>
            <fill>0</fill>
          </PolyStyle>
        </Style>
        <ExtendedData>
          <SchemaData schemaUrl="#contour">
            <SimpleData name="ID">86</SimpleData>
          </SchemaData>
        </ExtendedData>
        <LineString>
          <coordinates>81.2938239748225,21.2634562587183 81.2938239748225,21.2634355273013 81.2938144289214,21.263425898316 81.2937830563994,21.2633940644673 81.2937729934166,21.2633645137769 81.2937691146027,21.2633526016333 81.2937669592567,21.2633111387993 81.2937650378708,21.2632696759653 81.2937639503628,21.2632282131313 81.2937648486176,21.2631867502973 81.2937667477267,21.2631452874633 81.2937688766179,21.2631038246293 81.2937729934166,21.2630905110223 81.2937813885022,21.2630623617953 81.2938084924309,21.2630208989613 81.2938144289214,21.2630118389758 81.2938313130806,21.2629794361273 81.2938473790413,21.2629379732933 81.2938558644262,21.2629172596715 81.2938636524523,21.2628965104593 81.2938841874295,21.2628550476253 81.293897299931,21.2628306088454 81.2939068310275,21.2628135847913 81.2939291975925,21.2627721219573 81.2939387354357,21.2627400454125 81.2939416232061,21.2627306591233 81.2939451536303,21.2626891962893 81.2939472388787,21.2626477334553 81.2939498664607,21.2626062706213 81.2939513450178,21.2625648077873 81.2939514708313,21.2625233449533 81.2939514708313,21.2624818821193 81.2939514704981,21.2624404192853 81.2939514706889,21.2623989564513 81.2939514686588,21.2623574936173 81.2939514633253,21.2623160307833 81.2939514436223,21.2622745679493 81.2939801709405,21.2622331074179 81.2940216064453,21.2622331062066 81.2940630419501,21.26223310583 81.2941044774549,21.2622368348329 81.2941459129597,21.2622481133683 81.2941873484644,21.2622616891065 81.2942287839692,21.262271067499 81.2942396952279,21.2622745679493 81.294270219474,21.2623038219917 81.294273916528,21.2623160307833 81.2942800310513,21.2623574936173 81.2942844441989,21.2623989564513 81.2943027802731,21.2624404192853 81.2943116549788,21.262448336169 81.2943474363729,21.2624818821193 81.2943530904836,21.2624871511203 81.294391929713,21.2625233449533 81.2943945259884,21.2625257643925 81.2944359614931,21.2625643970706 81.2944364002958,21.2625648077873 81.2944773969979,21.2626052352095 81.2944783297492,21.2626062706213 81.2945066642447,21.2626477334553 81.2945188325027,21.2626720041989 81.2945260980371,21.2626891962893 81.2945391325585,21.2627306591233 81.2945444490856,21.2627721219573 81.2945444490856,21.2628135847913 81.2945444490856,21.2628550476253 81.2945412744399,21.2628965104593 81.2945271479249,21.2629379732933 81.2945188325027,21.2629534723675 81.2945049026627,21.2629794361273 81.2944826574006,21.2630208989613 81.2944773969979,21.2630292624048 81.294455899385,21.2630623617953 81.2944359614931,21.2630838793346 81.2944179546596,21.2631038246293 81.2943945259884,21.2631255262659 81.2943733217929,21.2631452874633 81.2943530904836,21.263164141982 81.2943288297333,21.2631867502973 81.2943116549788,21.2632049683517 81.2942891926019,21.2632282131313 81.294270219474,21.2632583330039 81.2942632493094,21.2632696759653 81.2942410040472,21.2633111387993 81.2942287839692,21.2633339157422 81.2942187587851,21.2633526016333 81.2941961687533,21.2633940644673 81.2941873484644,21.2634074008427 81.2941624970127,21.2634355273013 81.2941624970127,21.2634562587183</coordinates>
        </LineString>
        <Style>
          <LineStyle>
            <color>#ff16ff00</color>
            <width>2</width>
          </LineStyle>
        </Style>
      </Placemark>
      <Placemark>
        <name xmlns:py="http://codespeak.net/lxml/objectify/pytype" py:pytype="str">284.0</name>
        <Style>
          <LineStyle>
            <color>ff0000ff</color>
          </LineStyle>
          <PolyStyle>
            <fill>0</fill>
          </PolyStyle>
        </Style>
        <ExtendedData>
          <SchemaData schemaUrl="#contour">
            <SimpleData name="ID">87</SimpleData>
          </SchemaData>
        </ExtendedData>
        <LineString>
          <coordinates>81.2992424800478,21.2622705019934 81.2992478570242,21.2622745679493 81.2992839155526,21.2623014425514 81.2992995698978,21.2623160307833 81.2993253510574,21.2623400589917 81.2993440599745,21.2623574936173 81.2993667865622,21.262378672264 81.2993882517157,21.2623989564513 81.2994082220669,21.2624299872717 81.299412083035,21.2624404192853 81.2994109893481,21.2624818821193 81.2994096572277,21.2625233449533 81.2994082220669,21.2625484000348 81.2993987656989,21.2625648077873 81.2993667865622,21.2625726818713 81.2993253510574,21.2625784462773 81.2992839155526,21.2625825219558 81.2992424800478,21.2625781481801 81.2992262128673,21.2625648077873 81.299201044543,21.2625447449665 81.2991782998545,21.2625233449533 81.2991596090383,21.2625059270443 81.2991338069014,21.2624818821193 81.2991181735335,21.2624672027003 81.299093366961,21.2624404192853 81.2990808789878,21.2623989564513 81.2990852898933,21.2623574936173 81.2990930905328,21.2623160307833 81.2991181735335,21.26227550053 81.2991221528579,21.2622745679493 81.2991596090383,21.2622711214312 81.299201044543,21.2622679200572 81.2992424800478,21.2622705019934</coordinates>
        </LineString>
        <Style>
          <LineStyle>
            <color>#ff00ff4e</color>
            <width>2</width>
          </LineStyle>
        </Style>
      </Placemark>
      <Placemark>
        <name xmlns:py="http://codespeak.net/lxml/objectify/pytype" py:pytype="str">287.0</name>
        <Style>
          <LineStyle>
            <color>ff0000ff</color>
          </LineStyle>
          <PolyStyle>
            <fill>0</fill>
          </PolyStyle>
        </Style>
        <ExtendedData>
          <SchemaData schemaUrl="#contour">
            <SimpleData name="ID">88</SimpleData>
          </SchemaData>
        </ExtendedData>
        <LineString>
          <coordinates>81.3106683991664,21.2633318702163 81.3106683991664,21.2633111387993 81.3106786793676,21.2633015587976 81.3107128925065,21.2632696759653 81.3107201148724,21.2632626359749 81.3107562154487,21.2632282131313 81.3107615503772,21.2632228462106 81.3107926049631,21.2631867502973 81.3108029858819,21.2631721344197 81.3108173125808,21.2631452874633 81.3108340870523,21.2631038246293 81.310840039027,21.2630623617953 81.3108315889198,21.2630208989613 81.3108138655754,21.2629794361273 81.3108029858819,21.2629596486806 81.3107840566509,21.2629379732933 81.3107615503772,21.2629040021863 81.3107442275087,21.2628965104593 81.3107201157721,21.2628550476253 81.3107201163213,21.2628135847913 81.3107201185814,21.2627721219573 81.3107201409503,21.2627306591233 81.3107615503772,21.2626892223844 81.3108029858819,21.2626892032903 81.3108444213867,21.2626891998735 81.3108858568915,21.262689198698 81.3108858581568,21.2626891962893 81.3108858589963,21.2626477334553 81.3108858631755,21.2626062706213 81.3108859414052,21.2625648077873 81.3109272923963,21.2625234295228 81.3109687279011,21.2625233649143 81.3110101634058,21.2625233543841 81.3110515989106,21.2625233511272 81.3110930344154,21.2625233497028 81.3111344699202,21.2625233492656 81.311175905425,21.2625233492656 81.3112173409298,21.2625233492656 81.3112587764345,21.2625233494216 81.3113002119393,21.262523351017 81.3113416474441,21.2625233638064 81.3113612747885,21.2625648077873 81.3113612175659,21.2626062706213 81.3113612198248,21.2626477334553 81.3113612200551,21.2626891962893 81.3113623742212,21.2627306591233 81.3113689880142,21.2627721219573 81.3113830829489,21.2628105374289 81.3113843857217,21.2628135847913 81.3114057882063,21.2628550476253 81.3114245184537,21.2628853332979 81.3114307350306,21.2628965104593 81.3114428333739,21.2629379732933 81.3114465837449,21.2629794361273 81.311450218476,21.2630208989613 81.3114636183597,21.2630623617953 81.3114659539584,21.2630647594852 81.3115073894632,21.2630988287412 81.3115129701739,21.2631038246293 81.311548824968,21.2631331682521 81.3115610694279,21.2631452874633 81.3115902604728,21.263180143375 81.3115988288422,21.2631867502973 81.3116316959776,21.2632188729818 81.3116731314824,21.263226051528 81.3117145669871,21.2632260552143 81.3117560024919,21.2632260448251 81.311790874168,21.2631867502973 81.311790875295,21.2631452874633 81.3117908745688,21.2631038246293 81.3117974379967,21.2630834557988 81.3118025739428,21.2630623617953 81.3118281723764,21.2630208989613 81.3118388735015,21.2630038296199 81.3118511253314,21.2629794361273 81.311867190193,21.2629379732933 81.3118803090063,21.2629051315169 81.3118834642923,21.2628965104593 81.3119039980515,21.2628550476253 81.311921744511,21.2628219721806 81.3119269171668,21.2628135847913 81.3119524880519,21.2627721219573 81.3119631800158,21.2627594458091 81.3119962193141,21.2627306591233 81.3120046155206,21.2627247308967 81.3120460510254,21.2626944881424 81.3120522192168,21.2626891962893 81.3120874865302,21.2626543203989 81.3120935234213,21.2626477334553 81.3121261271744,21.2626062706213 81.312128922035,21.2626018181705 81.3121597114564,21.2625648077873 81.3121703575397,21.2625520800708 81.3122011889956,21.2625233449533 81.3122117930445,21.2625134619107 81.3122456809934,21.2624818821193 81.3122532285493,21.2624748353474 81.3122901418118,21.2624404192853 81.3122946640541,21.2624359282173 81.3123345574061,21.2623989564513 81.3123360995589,21.2623976172062 81.3123775350636,21.2623590039339 81.3123791555637,21.2623574936173 81.3124189705684,21.2623203901478 81.3124241139681,21.2623160307833 81.3124604060732,21.2622815933226 81.312475050496,21.2622745679493 81.312501841578,21.2622331056937 81.3125432770828,21.2622331059183 81.3125847125876,21.2622331064267 81.3126261480923,21.2622331086437 81.3126468658447,21.2622331086437</coordinates>
        </LineString>
        <Style>
          <LineStyle>
            <color>#ff00ffb3</color>
            <width>2</width>
          </LineStyle>
        </Style>
      </Placemark>
      <Placemark>
        <name xmlns:py="http://codespeak.net/lxml/objectify/pytype" py:pytype="str">285.0</name>
        <Style>
          <LineStyle>
            <color>ff0000ff</color>
          </LineStyle>
          <PolyStyle>
            <fill>0</fill>
          </PolyStyle>
        </Style>
        <ExtendedData>
          <SchemaData schemaUrl="#contour">
            <SimpleData name="ID">89</SimpleData>
          </SchemaData>
        </ExtendedData>
        <LineString>
          <coordinates>81.2967977894815,21.2634562587183 81.2967977894815,21.2634355273013 81.2967977852657,21.2634355263246 81.2967563497609,21.2634355261529 81.2967149142561,21.2634355259079 81.2966734787513,21.2634063464789 81.2966327032811,21.2633940644673 81.2966320432466,21.2633940102754 81.2965906077418,21.2633907168464 81.296549172237,21.2633879087048 81.2965077367322,21.2633864944075 81.2964663012274,21.2633862147312 81.2964248657227,21.2633862147312 81.2963834302179,21.2633862147312 81.2963419947131,21.2633870055799 81.2963005592083,21.263389223764 81.2962591237035,21.2633922539639 81.2962372568993,21.2633940644673 81.2962176881988,21.2633984429177 81.296176252694,21.2634185429479 81.2961348171892,21.2634355252145 81.2960933816844,21.2634355242348 81.2960519461796,21.2634355214967 81.2960105106748,21.2634355001638 81.2959691022897,21.2633940644673 81.295969078547,21.2633526016333 81.2959690766836,21.2633111387993 81.2959690761447,21.2632696759653 81.2959690759269,21.2632282131313 81.2959690758794,21.2631867502973 81.2959690758794,21.2631452874633 81.2959690758794,21.2631038246293 81.2959690758794,21.2630623617953 81.2959690758794,21.2630208989613 81.2959690758794,21.2629794361273 81.2959690758794,21.2629379732933 81.2959690758794,21.2628965104593 81.2959690758794,21.2628550476253 81.2959690758794,21.2628135847913 81.2959690758794,21.2627721219573 81.2959690751701,21.2627721216015 81.2959276396653,21.2627721216015 81.2958862041605,21.2627721216015 81.2958861907261,21.2627721219573 81.2958861907261,21.2628135847913 81.2958861907261,21.2628550476253 81.2958861907261,21.2628965104593 81.2958861907261,21.2629379732933 81.2958861907261,21.2629794361273 81.2958861907261,21.2630208989613 81.2958861900268,21.2630623617953 81.2958861865423,21.2631038246293 81.2958861775719,21.2631452874633 81.2958861499921,21.2631867502973 81.295885936122,21.2632282131313 81.2958447686557,21.26326940775 81.2958033331509,21.2632696711992 81.2957618976461,21.2632696739497 81.2957204621414,21.2632696746885 81.2956790266366,21.2632696750316 81.2956375911318,21.2632696751167 81.295596155627,21.2632696751262 81.2955547201222,21.2632696751262 81.2955132846175,21.2632696751262 81.2954718491127,21.2632696750065 81.2954304136079,21.2632696746849 81.2953889781031,21.2632696739377 81.2953475425983,21.2632696711141 81.2953442343744,21.2632282131313 81.2953344883482,21.2631867502973 81.2953264370114,21.2631452874633 81.2953212199404,21.2631038246293 81.2953184653355,21.2630623617953 81.2953178296699,21.2630208989613 81.2953178296699,21.2629794361273 81.2953178296699,21.2629379732933 81.2953166201725,21.2628965104593 81.2953133400434,21.2628550476253 81.2953085116481,21.2628135847913 81.2953061070936,21.2627965405875 81.2952966035374,21.2627721219573 81.2952728623281,21.2627306591233 81.2952646728905,21.2626891962893 81.2952646728905,21.2626477334553 81.2952646728905,21.2626062706213 81.2952646728905,21.2625648077873 81.2952646728905,21.2625233449533 81.2952646728905,21.2624818821193 81.2952646715888,21.2624818433732 81.295223236084,21.2624818232153 81.2951818005792,21.2624817471385 81.2951403650744,21.2624812243462 81.2950995869092,21.2624404192853 81.2950989354713,21.2623989564513 81.2950989318629,21.2623574936173 81.2950989309928,21.2623160307833 81.2950989306013,21.2622745679493 81.2950989303788,21.2622331051153 81.2950989302352,21.2621916422813 81.2950989301349,21.2621501794473 81.2950989295696,21.262150178538 81.2950574940649,21.262150178538 81.2950160585601,21.262150178538 81.2950160580857,21.2621501794473 81.2950160580013,21.2621916422813 81.2950160578809,21.2622331051153 81.2950160577642,21.2622745679493 81.2950160577451,21.2623160307833 81.2950160577451,21.2623574936173 81.2950160577451,21.2623989564513 81.2950160578169,21.2624404192853 81.2950160579583,21.2624818821193 81.2950160580548,21.2625233449533 81.2950160581203,21.2625648077873 81.2950160581243,21.2626062706213 81.2950160580542,21.2626477334553 81.2950160579575,21.2626891962893 81.2950121772074,21.2627306591233 81.2949957091233,21.2627721219573 81.2949834307414,21.2628135847913 81.294977838361,21.2628550476253 81.2949746230553,21.262867448733 81.2949687986357,21.2628965104593 81.2949397996576,21.2629379732933 81.2949331875505,21.2629438581515 81.2948950140232,21.2629794361273 81.2948917520457,21.2629824763115 81.294850521096,21.2630208989613 81.2948503165409,21.2630211353377 81.2948180393646,21.2630623617953 81.2948088810362,21.2630940290963 81.2948068690804,21.2631038246293 81.2948057243741,21.2631452874633 81.2948042093643,21.2631867502973 81.2948021163801,21.2632282131313 81.2947990391222,21.2632696759653 81.2947940649117,21.2633111387993 81.2947846629113,21.2633526016333 81.294778341116,21.2633940644673 81.2947934525164,21.2634355273013 81.2947934525164,21.2634562587183</coordinates>
        </LineString>
        <Style>
          <LineStyle>
            <color>#ff00ff70</color>
            <width>2</width>
          </LineStyle>
        </Style>
      </Placemark>
      <Placemark>
        <name xmlns:py="http://codespeak.net/lxml/objectify/pytype" py:pytype="str">285.0</name>
        <Style>
          <LineStyle>
            <color>ff0000ff</color>
          </LineStyle>
          <PolyStyle>
            <fill>0</fill>
          </PolyStyle>
        </Style>
        <ExtendedData>
          <SchemaData schemaUrl="#contour">
            <SimpleData name="ID">90</SimpleData>
          </SchemaData>
        </ExtendedData>
        <LineString>
          <coordinates>81.2992839155526,21.2621426116594 81.2992934666987,21.2621501794473 81.2993253510574,21.262179892116 81.2993379600388,21.2621916422813 81.2993667865622,21.2622185085553 81.2993822755979,21.2622331051153 81.2994082220669,21.2622576114483 81.2994185037046,21.2622745679493 81.2994433278824,21.2623160307833 81.2994496575717,21.262326554122 81.2994662885238,21.2623574936173 81.2994885784099,21.2623989564513 81.2994910930765,21.2624064066827 81.2995025507803,21.2624404192853 81.2995026819054,21.2624818821193 81.2995026819054,21.2625233449533 81.299502266222,21.2625648077873 81.2994966926207,21.2626062706213 81.2994910930765,21.2626234656799 81.2994818855497,21.2626477334553 81.2994613755636,21.2626891962893 81.2994496575717,21.2627070244785 81.2994258958942,21.2627306591233 81.2994082220669,21.2627456196278 81.2993667865622,21.262749700495 81.2993253510574,21.2627545475738 81.2992839155526,21.2627616329993 81.2992424800478,21.2627703059071 81.299201044543,21.2627721214796 81.2991596090383,21.2627721212512 81.2991181735335,21.2627721206028 81.2990982598721,21.2627306591233 81.2990865966775,21.2626891962893 81.299081982855,21.2626477334553 81.2990797123849,21.2626062706213 81.2990767380287,21.2626010675479 81.299064641931,21.2625648077873 81.2990403381094,21.2625233449533 81.2990353025239,21.2625150905065 81.2990174837621,21.2624818821193 81.298995372239,21.2624404192853 81.2989938670191,21.2624328805882 81.2989870931008,21.2623989564513 81.2989870931008,21.2623574936173 81.2989870931008,21.2623160307833 81.2989881239568,21.2622745679493 81.2989938670191,21.2622457080031 81.2989966198701,21.2622331051153 81.2990126506156,21.2621916422813 81.2990351512248,21.2621501794473 81.2990353025239,21.2621499977436 81.2990767380287,21.2621172121868 81.2991181735335,21.2621116880403 81.2991596090383,21.2621116880403 81.299201044543,21.2621116880403 81.2992424800478,21.2621158480379 81.2992839155526,21.2621426116594</coordinates>
        </LineString>
        <Style>
          <LineStyle>
            <color>#ff00ff70</color>
            <width>2</width>
          </LineStyle>
        </Style>
      </Placemark>
      <Placemark>
        <name xmlns:py="http://codespeak.net/lxml/objectify/pytype" py:pytype="str">291.0</name>
        <Style>
          <LineStyle>
            <color>ff0000ff</color>
          </LineStyle>
          <PolyStyle>
            <fill>0</fill>
          </PolyStyle>
        </Style>
        <ExtendedData>
          <SchemaData schemaUrl="#contour">
            <SimpleData name="ID">91</SimpleData>
          </SchemaData>
        </ExtendedData>
        <LineString>
          <coordinates>81.3031879909473,21.2633733330503 81.3031879909473,21.2633526016333 81.3031887270881,21.2633111387993 81.3031895937723,21.2632696759653 81.3031901855067,21.2632282131313 81.3031894060829,21.2631867502973 81.303187430339,21.2631452874633 81.3031842214708,21.2631038246293 81.3031788530021,21.2630921849804 81.3031374174973,21.2630787869969 81.3030959819925,21.2630720020601 81.3030545464877,21.2630676859685 81.3030394962056,21.2630623617953 81.303013110983,21.2630540414278 81.3029776646183,21.2630208989613 81.3029716754782,21.2630153855726 81.3029330984987,21.2629794361273 81.3029302399734,21.2629767723003 81.3028888044686,21.2629381541403 81.302888599205,21.2629379732933 81.3028593063484,21.2628965104593 81.3028507425552,21.2628550476253 81.3028475802427,21.2628135847913 81.3028473689638,21.2628110447258 81.3028367918458,21.2627721219573 81.3028473689638,21.2627659727582 81.3028687145269,21.2627306591233 81.3028888044686,21.2627155230927 81.3029144944816,21.2626891962893 81.3029302399734,21.262674521516 81.3029589825767,21.2626477334553 81.3029716754782,21.2626359050859 81.3030034759169,21.2626062706213 81.303013110983,21.2625870752519 81.3030254570485,21.2625648077873 81.3030307507101,21.2625233449533 81.3030366067976,21.2624818821193 81.3030479334088,21.2624404192853 81.3030545464877,21.2624264620778 81.3030959819925,21.2624252406056 81.3031374174973,21.2624252378336 81.3031788530021,21.262425236563 81.3032079093477,21.2624404192853 81.3032202885069,21.2624455161463 81.3032617240116,21.2624686483117 81.3032917822,21.2624818821193 81.3033031595164,21.2624861295907 81.3033445950212,21.2624990355186 81.303386030526,21.2624991495261 81.3034274660308,21.2624891055686 81.3034474128523,21.2624818821193 81.3034689015356,21.2624727273137 81.3035103370403,21.2624496027203 81.3035226294991,21.2624404192853 81.3035436178045,21.2623989564513 81.3035477159223,21.2623574936173 81.3035517725451,21.2623244465071 81.3035538292712,21.2623160307833 81.3035696361501,21.2622745679493 81.3035573142932,21.2622331051153 81.3035517725451,21.2622217392889 81.3035434710067,21.2621916422813 81.3035296820686,21.2621501794473 81.3035103370403,21.2621327219599 81.3034689015356,21.2621196369302 81.3034274660308,21.2621117733487 81.3034027261506,21.2621087166133 81.303386030526,21.2621071883284 81.3033445950212,21.2621049090514 81.3033031595164,21.2621049090514 81.3032617240116,21.2621049090514 81.3032202885069,21.2621068885926 81.303215436635,21.2621087166133 81.3031788530021,21.2621225017102 81.3031491558087,21.2621501794473 81.3031374174973,21.2621611182452 81.3031046624685,21.2621916422813 81.3030959819925,21.2621997324712 81.3030600104525,21.2622331051153 81.3030545464877,21.2622411933318 81.3030177540982,21.2622745679493 81.303013110983,21.2622904360786 81.3029716754782,21.2622765498055 81.3029570668066,21.2622745679493 81.3029302399734,21.2622733695101 81.3028888044686,21.262272012928 81.3028705254916,21.2622745679493 81.30284</coordinates>
        </LineString>
        <Style>
          <LineStyle>
            <color>#ff00c6ff</color>
            <width>2</width>
          </LineStyle>
        </Style>
      </Placemark>
    </Folder>
  </Folder>
</Folder>
</kml>